-- MySQL dump 10.13  Distrib 5.1.73, for redhat-linux-gnu (x86_64)
--
-- Host: db    Database: test_0
-- ------------------------------------------------------
-- Server version	5.5.5-10.1.20-MariaDB-1~jessie

/*!40101 SET @OLD_CHARACTER_SET_CLIENT=@@CHARACTER_SET_CLIENT */;
/*!40101 SET @OLD_CHARACTER_SET_RESULTS=@@CHARACTER_SET_RESULTS */;
/*!40101 SET @OLD_COLLATION_CONNECTION=@@COLLATION_CONNECTION */;
/*!40101 SET NAMES utf8 */;
/*!40103 SET @OLD_TIME_ZONE=@@TIME_ZONE */;
/*!40103 SET TIME_ZONE='+00:00' */;
/*!40014 SET @OLD_UNIQUE_CHECKS=@@UNIQUE_CHECKS, UNIQUE_CHECKS=0 */;
/*!40014 SET @OLD_FOREIGN_KEY_CHECKS=@@FOREIGN_KEY_CHECKS, FOREIGN_KEY_CHECKS=0 */;
/*!40101 SET @OLD_SQL_MODE=@@SQL_MODE, SQL_MODE='NO_AUTO_VALUE_ON_ZERO' */;
/*!40111 SET @OLD_SQL_NOTES=@@SQL_NOTES, SQL_NOTES=0 */;

--
-- Table structure for table `acl2`
--

DROP TABLE IF EXISTS `acl2`;
/*!40101 SET @saved_cs_client     = @@character_set_client */;
/*!40101 SET character_set_client = utf8 */;
CREATE TABLE `acl2` (
  `acl_id` bigint(20) NOT NULL AUTO_INCREMENT,
  `group_id` bigint(20) NOT NULL,
  `defaultACL` bit(1) NOT NULL,
  `role_id` bigint(20) DEFAULT NULL,
  PRIMARY KEY (`acl_id`),
  UNIQUE KEY `group_id` (`group_id`,`defaultACL`,`role_id`),
  KEY `FK2D98E8FCFA8B04` (`group_id`),
  KEY `FK2D98E8720C9B10` (`role_id`),
  CONSTRAINT `FK2D98E8720C9B10` FOREIGN KEY (`role_id`) REFERENCES `roles` (`rid`) ON DELETE CASCADE,
  CONSTRAINT `FK2D98E8FCFA8B04` FOREIGN KEY (`group_id`) REFERENCES `groups` (`gid`) ON DELETE CASCADE
) ENGINE=InnoDB AUTO_INCREMENT=441 DEFAULT CHARSET=latin1;
/*!40101 SET character_set_client = @saved_cs_client */;

--
-- Dumping data for table `acl2`
--

LOCK TABLES `acl2` WRITE;
/*!40000 ALTER TABLE `acl2` DISABLE KEYS */;
INSERT INTO `acl2` VALUES (1,1,'\0',NULL),(2,1,'\0',1),(100,1,'\0',2),(138,1,'\0',3),(176,1,'\0',4),(215,1,'\0',5),(246,1,'\0',6),(285,1,'\0',7),(325,1,'\0',8),(363,1,'\0',9),(404,1,'\0',10),(3,2,'\0',NULL),(4,2,'\0',1),(98,2,'\0',2),(139,2,'\0',3),(162,2,'\0',4),(204,2,'\0',5),(244,2,'\0',6),(286,2,'\0',7),(321,2,'\0',8),(361,2,'\0',9),(402,2,'\0',10),(5,3,'\0',NULL),(6,3,'\0',1),(120,3,'\0',2),(158,3,'\0',3),(198,3,'\0',4),(238,3,'\0',5),(278,3,'\0',6),(304,3,'\0',7),(346,3,'\0',8),(385,3,'\0',9),(425,3,'\0',10),(7,4,'\0',NULL),(8,4,'\0',1),(101,4,'\0',2),(141,4,'\0',3),(181,4,'\0',4),(221,4,'\0',5),(258,4,'\0',6),(298,4,'\0',7),(340,4,'\0',8),(380,4,'\0',9),(405,4,'\0',10),(9,5,'\0',NULL),(10,5,'\0',1),(113,5,'\0',2),(154,5,'\0',3),(195,5,'\0',4),(239,5,'\0',5),(279,5,'\0',6),(319,5,'\0',7),(360,5,'\0',8),(397,5,'\0',9),(436,5,'\0',10),(11,6,'\0',NULL),(12,6,'\0',1),(95,6,'\0',2),(135,6,'\0',3),(172,6,'\0',4),(210,6,'\0',5),(254,6,'\0',6),(295,6,'\0',7),(342,6,'\0',8),(381,6,'\0',9),(421,6,'\0',10),(13,7,'\0',NULL),(14,7,'\0',1),(88,7,'\0',2),(156,7,'\0',3),(196,7,'\0',4),(235,7,'\0',5),(276,7,'\0',6),(312,7,'\0',7),(351,7,'\0',8),(393,7,'\0',9),(433,7,'\0',10),(15,8,'\0',NULL),(16,8,'\0',1),(109,8,'\0',2),(147,8,'\0',3),(189,8,'\0',4),(228,8,'\0',5),(256,8,'\0',6),(296,8,'\0',7),(336,8,'\0',8),(377,8,'\0',9),(413,8,'\0',10),(17,9,'\0',NULL),(18,9,'\0',1),(89,9,'\0',2),(128,9,'\0',3),(171,9,'\0',4),(206,9,'\0',5),(247,9,'\0',6),(290,9,'\0',7),(330,9,'\0',8),(395,9,'\0',9),(434,9,'\0',10),(19,10,'\0',NULL),(20,10,'\0',1),(106,10,'\0',2),(145,10,'\0',3),(191,10,'\0',4),(229,10,'\0',5),(269,10,'\0',6),(311,10,'\0',7),(347,10,'\0',8),(386,10,'\0',9),(428,10,'\0',10),(21,11,'\0',NULL),(22,11,'\0',1),(91,11,'\0',2),(131,11,'\0',3),(179,11,'\0',4),(219,11,'\0',5),(261,11,'\0',6),(301,11,'\0',7),(338,11,'\0',8),(378,11,'\0',9),(417,11,'\0',10),(23,12,'\0',NULL),(24,12,'\0',1),(116,12,'\0',2),(152,12,'\0',3),(193,12,'\0',4),(231,12,'\0',5),(272,12,'\0',6),(317,12,'\0',7),(358,12,'\0',8),(399,12,'\0',9),(439,12,'\0',10),(25,13,'\0',NULL),(26,13,'\0',1),(93,13,'\0',2),(133,13,'\0',3),(174,13,'\0',4),(213,13,'\0',5),(252,13,'\0',6),(293,13,'\0',7),(332,13,'\0',8),(373,13,'\0',9),(419,13,'\0',10),(27,14,'\0',NULL),(28,14,'\0',1),(86,14,'\0',2),(124,14,'\0',3),(167,14,'\0',4),(233,14,'\0',5),(274,14,'\0',6),(314,14,'\0',7),(354,14,'\0',8),(391,14,'\0',9),(431,14,'\0',10),(29,15,'\0',NULL),(30,15,'\0',1),(111,15,'\0',2),(150,15,'\0',3),(187,15,'\0',4),(226,15,'\0',5),(265,15,'\0',6),(307,15,'\0',7),(334,15,'\0',8),(375,15,'\0',9),(415,15,'\0',10),(31,16,'\0',NULL),(32,16,'\0',1),(82,16,'\0',2),(126,16,'\0',3),(169,16,'\0',4),(208,16,'\0',5),(250,16,'\0',6),(288,16,'\0',7),(328,16,'\0',8),(367,16,'\0',9),(409,16,'\0',10),(33,17,'\0',NULL),(34,17,'\0',1),(104,17,'\0',2),(143,17,'\0',3),(183,17,'\0',4),(223,17,'\0',5),(267,17,'\0',6),(309,17,'\0',7),(349,17,'\0',8),(389,17,'\0',9),(426,17,'\0',10),(35,18,'\0',NULL),(36,18,'\0',1),(84,18,'\0',2),(122,18,'\0',3),(164,18,'\0',4),(201,18,'\0',5),(241,18,'\0',6),(281,18,'\0',7),(323,18,'\0',8),(369,18,'\0',9),(411,18,'\0',10),(37,19,'\0',NULL),(38,19,'\0',1),(118,19,'\0',2),(159,19,'\0',3),(185,19,'\0',4),(225,19,'\0',5),(264,19,'\0',6),(305,19,'\0',7),(344,19,'\0',8),(383,19,'\0',9),(423,19,'\0',10),(39,20,'\0',NULL),(40,20,'\0',1),(103,20,'\0',2),(136,20,'\0',3),(177,20,'\0',4),(217,20,'\0',5),(260,20,'\0',6),(283,20,'\0',7),(326,20,'\0',8),(365,20,'\0',9),(407,20,'\0',10),(41,21,'\0',NULL),(42,21,'\0',1),(102,21,'\0',2),(142,21,'\0',3),(182,21,'\0',4),(216,21,'\0',5),(259,21,'\0',6),(299,21,'\0',7),(341,21,'\0',8),(364,21,'\0',9),(406,21,'\0',10),(43,22,'\0',NULL),(44,22,'\0',1),(114,22,'\0',2),(155,22,'\0',3),(199,22,'\0',4),(240,22,'\0',5),(280,22,'\0',6),(320,22,'\0',7),(356,22,'\0',8),(398,22,'\0',9),(437,22,'\0',10),(45,23,'\0',NULL),(46,23,'\0',1),(96,23,'\0',2),(130,23,'\0',3),(173,23,'\0',4),(211,23,'\0',5),(255,23,'\0',6),(300,23,'\0',7),(343,23,'\0',8),(382,23,'\0',9),(422,23,'\0',10),(47,24,'\0',NULL),(48,24,'\0',1),(115,24,'\0',2),(157,24,'\0',3),(197,24,'\0',4),(236,24,'\0',5),(271,24,'\0',6),(313,24,'\0',7),(352,24,'\0',8),(394,24,'\0',9),(438,24,'\0',10),(49,25,'\0',NULL),(50,25,'\0',1),(110,25,'\0',2),(148,25,'\0',3),(190,25,'\0',4),(212,25,'\0',5),(257,25,'\0',6),(297,25,'\0',7),(337,25,'\0',8),(372,25,'\0',9),(414,25,'\0',10),(51,26,'\0',NULL),(52,26,'\0',1),(90,26,'\0',2),(129,26,'\0',3),(166,26,'\0',4),(207,26,'\0',5),(248,26,'\0',6),(291,26,'\0',7),(353,26,'\0',8),(396,26,'\0',9),(435,26,'\0',10),(53,27,'\0',NULL),(54,27,'\0',1),(107,27,'\0',2),(149,27,'\0',3),(192,27,'\0',4),(230,27,'\0',5),(270,27,'\0',6),(306,27,'\0',7),(348,27,'\0',8),(387,27,'\0',9),(429,27,'\0',10),(55,28,'\0',NULL),(56,28,'\0',1),(81,28,'\0',2),(121,28,'\0',3),(161,28,'\0',4),(203,28,'\0',5),(249,28,'\0',6),(292,28,'\0',7),(331,28,'\0',8),(371,28,'\0',9),(408,28,'\0',10),(57,29,'\0',NULL),(58,29,'\0',1),(108,29,'\0',2),(146,29,'\0',3),(186,29,'\0',4),(222,29,'\0',5),(263,29,'\0',6),(303,29,'\0',7),(345,29,'\0',8),(388,29,'\0',9),(430,29,'\0',10),(59,30,'\0',NULL),(60,30,'\0',1),(99,30,'\0',2),(140,30,'\0',3),(163,30,'\0',4),(205,30,'\0',5),(245,30,'\0',6),(287,30,'\0',7),(322,30,'\0',8),(362,30,'\0',9),(403,30,'\0',10),(61,31,'\0',NULL),(62,31,'\0',1),(97,31,'\0',2),(137,31,'\0',3),(178,31,'\0',4),(218,31,'\0',5),(243,31,'\0',6),(284,31,'\0',7),(327,31,'\0',8),(366,31,'\0',9),(401,31,'\0',10),(63,32,'\0',NULL),(64,32,'\0',1),(119,32,'\0',2),(160,32,'\0',3),(200,32,'\0',4),(237,32,'\0',5),(277,32,'\0',6),(316,32,'\0',7),(357,32,'\0',8),(384,32,'\0',9),(424,32,'\0',10),(65,33,'\0',NULL),(66,33,'\0',1),(92,33,'\0',2),(132,33,'\0',3),(180,33,'\0',4),(220,33,'\0',5),(262,33,'\0',6),(302,33,'\0',7),(339,33,'\0',8),(379,33,'\0',9),(418,33,'\0',10),(67,34,'\0',NULL),(68,34,'\0',1),(117,34,'\0',2),(153,34,'\0',3),(194,34,'\0',4),(232,34,'\0',5),(273,34,'\0',6),(318,34,'\0',7),(359,34,'\0',8),(400,34,'\0',9),(440,34,'\0',10),(69,35,'\0',NULL),(70,35,'\0',1),(94,35,'\0',2),(134,35,'\0',3),(175,35,'\0',4),(214,35,'\0',5),(253,35,'\0',6),(294,35,'\0',7),(333,35,'\0',8),(374,35,'\0',9),(420,35,'\0',10),(71,36,'\0',NULL),(72,36,'\0',1),(87,36,'\0',2),(125,36,'\0',3),(168,36,'\0',4),(234,36,'\0',5),(275,36,'\0',6),(315,36,'\0',7),(355,36,'\0',8),(392,36,'\0',9),(432,36,'\0',10),(73,37,'\0',NULL),(74,37,'\0',1),(112,37,'\0',2),(151,37,'\0',3),(188,37,'\0',4),(227,37,'\0',5),(266,37,'\0',6),(308,37,'\0',7),(335,37,'\0',8),(376,37,'\0',9),(416,37,'\0',10),(75,38,'\0',NULL),(76,38,'\0',1),(83,38,'\0',2),(127,38,'\0',3),(170,38,'\0',4),(209,38,'\0',5),(251,38,'\0',6),(289,38,'\0',7),(329,38,'\0',8),(368,38,'\0',9),(410,38,'\0',10),(77,39,'\0',NULL),(78,39,'\0',1),(105,39,'\0',2),(144,39,'\0',3),(184,39,'\0',4),(224,39,'\0',5),(268,39,'\0',6),(310,39,'\0',7),(350,39,'\0',8),(390,39,'\0',9),(427,39,'\0',10),(79,40,'\0',NULL),(80,40,'\0',1),(85,40,'\0',2),(123,40,'\0',3),(165,40,'\0',4),(202,40,'\0',5),(242,40,'\0',6),(282,40,'\0',7),(324,40,'\0',8),(370,40,'\0',9),(412,40,'\0',10);
/*!40000 ALTER TABLE `acl2` ENABLE KEYS */;
UNLOCK TABLES;

--
-- Table structure for table `acl2_permissions`
--

DROP TABLE IF EXISTS `acl2_permissions`;
/*!40101 SET @saved_cs_client     = @@character_set_client */;
/*!40101 SET character_set_client = utf8 */;
CREATE TABLE `acl2_permissions` (
  `acl_id` bigint(20) NOT NULL,
  `permissions` int(11) DEFAULT NULL,
  `admin_id` bigint(20) NOT NULL,
  PRIMARY KEY (`acl_id`,`admin_id`),
  KEY `FK35C6CFADA4AD9904` (`admin_id`),
  KEY `FK35C6CFADD91CE8A3` (`acl_id`),
  CONSTRAINT `FK35C6CFADA4AD9904` FOREIGN KEY (`admin_id`) REFERENCES `admins` (`adminid`),
  CONSTRAINT `FK35C6CFADD91CE8A3` FOREIGN KEY (`acl_id`) REFERENCES `acl2` (`acl_id`)
) ENGINE=InnoDB DEFAULT CHARSET=latin1;
/*!40101 SET character_set_client = @saved_cs_client */;

--
-- Dumping data for table `acl2_permissions`
--

LOCK TABLES `acl2_permissions` WRITE;
/*!40000 ALTER TABLE `acl2_permissions` DISABLE KEYS */;
INSERT INTO `acl2_permissions` VALUES (1,16383,1),(1,16383,2),(1,16383,6),(1,16383,7),(1,16383,8),(2,16383,1),(2,16383,2),(2,16383,6),(2,16383,7),(2,16383,8),(3,16383,1),(3,16383,2),(3,16383,6),(3,16383,7),(3,16383,8),(4,16383,1),(4,16383,2),(4,16383,6),(4,16383,7),(4,16383,8),(5,16383,1),(5,16383,2),(5,16383,6),(5,16383,7),(5,16383,8),(6,16383,1),(6,16383,2),(6,16383,6),(6,16383,7),(6,16383,8),(7,16383,1),(7,16383,2),(7,16383,6),(7,16383,7),(7,16383,8),(8,16383,1),(8,16383,2),(8,16383,6),(8,16383,7),(8,16383,8),(9,16383,1),(9,16383,2),(9,16383,6),(9,16383,7),(9,16383,8),(10,16383,1),(10,16383,2),(10,16383,6),(10,16383,7),(10,16383,8),(11,16383,1),(11,16383,2),(11,16383,6),(11,16383,7),(11,16383,8),(12,16383,1),(12,16383,2),(12,16383,6),(12,16383,7),(12,16383,8),(13,16383,1),(13,16383,2),(13,16383,6),(13,16383,7),(13,16383,8),(14,16383,1),(14,16383,2),(14,16383,6),(14,16383,7),(14,16383,8),(15,16383,1),(15,16383,2),(15,16383,6),(15,16383,7),(15,16383,8),(16,16383,1),(16,16383,2),(16,16383,6),(16,16383,7),(16,16383,8),(17,16383,1),(17,16383,2),(17,16383,6),(17,16383,7),(17,16383,8),(18,16383,1),(18,16383,2),(18,16383,6),(18,16383,7),(18,16383,8),(19,16383,1),(19,16383,2),(19,16383,6),(19,16383,7),(19,16383,8),(20,16383,1),(20,16383,2),(20,16383,6),(20,16383,7),(20,16383,8),(21,16383,1),(21,16383,2),(21,16383,6),(21,16383,7),(21,16383,8),(22,16383,1),(22,16383,2),(22,16383,6),(22,16383,7),(22,16383,8),(23,16383,1),(23,16383,2),(23,16383,6),(23,16383,7),(23,16383,8),(24,16383,1),(24,16383,2),(24,16383,6),(24,16383,7),(24,16383,8),(25,16383,1),(25,16383,2),(25,16383,6),(25,16383,7),(25,16383,8),(26,16383,1),(26,16383,2),(26,16383,6),(26,16383,7),(26,16383,8),(27,16383,1),(27,16383,2),(27,16383,6),(27,16383,7),(27,16383,8),(28,16383,1),(28,16383,2),(28,16383,6),(28,16383,7),(28,16383,8),(29,16383,1),(29,16383,2),(29,16383,6),(29,16383,7),(29,16383,8),(30,16383,1),(30,16383,2),(30,16383,6),(30,16383,7),(30,16383,8),(31,16383,1),(31,16383,2),(31,16383,6),(31,16383,7),(31,16383,8),(32,16383,1),(32,16383,2),(32,16383,6),(32,16383,7),(32,16383,8),(33,16383,1),(33,16383,2),(33,16383,6),(33,16383,7),(33,16383,8),(34,16383,1),(34,16383,2),(34,16383,6),(34,16383,7),(34,16383,8),(35,16383,1),(35,16383,2),(35,16383,6),(35,16383,7),(35,16383,8),(36,16383,1),(36,16383,2),(36,16383,6),(36,16383,7),(36,16383,8),(37,16383,1),(37,16383,2),(37,16383,6),(37,16383,7),(37,16383,8),(38,16383,1),(38,16383,2),(38,16383,6),(38,16383,7),(38,16383,8),(39,16383,1),(39,16383,2),(39,16383,6),(39,16383,7),(39,16383,8),(40,16383,1),(40,16383,2),(40,16383,6),(40,16383,7),(40,16383,8),(41,16383,1),(41,16383,2),(41,16383,6),(41,16383,7),(41,16383,8),(42,16383,1),(42,16383,2),(42,16383,6),(42,16383,7),(42,16383,8),(43,16383,1),(43,16383,2),(43,16383,6),(43,16383,7),(43,16383,8),(44,16383,1),(44,16383,2),(44,16383,6),(44,16383,7),(44,16383,8),(45,16383,1),(45,16383,2),(45,16383,6),(45,16383,7),(45,16383,8),(46,16383,1),(46,16383,2),(46,16383,6),(46,16383,7),(46,16383,8),(47,16383,1),(47,16383,2),(47,16383,6),(47,16383,7),(47,16383,8),(48,16383,1),(48,16383,2),(48,16383,6),(48,16383,7),(48,16383,8),(49,16383,1),(49,16383,2),(49,16383,6),(49,16383,7),(49,16383,8),(50,16383,1),(50,16383,2),(50,16383,6),(50,16383,7),(50,16383,8),(51,16383,1),(51,16383,2),(51,16383,6),(51,16383,7),(51,16383,8),(52,16383,1),(52,16383,2),(52,16383,6),(52,16383,7),(52,16383,8),(53,16383,1),(53,16383,2),(53,16383,6),(53,16383,7),(53,16383,8),(54,16383,1),(54,16383,2),(54,16383,6),(54,16383,7),(54,16383,8),(55,16383,1),(55,16383,2),(55,16383,6),(55,16383,7),(55,16383,8),(56,16383,1),(56,16383,2),(56,16383,6),(56,16383,7),(56,16383,8),(57,16383,1),(57,16383,2),(57,16383,6),(57,16383,7),(57,16383,8),(58,16383,1),(58,16383,2),(58,16383,6),(58,16383,7),(58,16383,8),(59,16383,1),(59,16383,2),(59,16383,6),(59,16383,7),(59,16383,8),(60,16383,1),(60,16383,2),(60,16383,6),(60,16383,7),(60,16383,8),(61,16383,1),(61,16383,2),(61,16383,6),(61,16383,7),(61,16383,8),(62,16383,1),(62,16383,2),(62,16383,6),(62,16383,7),(62,16383,8),(63,16383,1),(63,16383,2),(63,16383,6),(63,16383,7),(63,16383,8),(64,16383,1),(64,16383,2),(64,16383,6),(64,16383,7),(64,16383,8),(65,16383,1),(65,16383,2),(65,16383,6),(65,16383,7),(65,16383,8),(66,16383,1),(66,16383,2),(66,16383,6),(66,16383,7),(66,16383,8),(67,16383,1),(67,16383,2),(67,16383,6),(67,16383,7),(67,16383,8),(68,16383,1),(68,16383,2),(68,16383,6),(68,16383,7),(68,16383,8),(69,16383,1),(69,16383,2),(69,16383,6),(69,16383,7),(69,16383,8),(70,16383,1),(70,16383,2),(70,16383,6),(70,16383,7),(70,16383,8),(71,16383,1),(71,16383,2),(71,16383,6),(71,16383,7),(71,16383,8),(72,16383,1),(72,16383,2),(72,16383,6),(72,16383,7),(72,16383,8),(73,16383,1),(73,16383,2),(73,16383,6),(73,16383,7),(73,16383,8),(74,16383,1),(74,16383,2),(74,16383,6),(74,16383,7),(74,16383,8),(75,16383,1),(75,16383,2),(75,16383,6),(75,16383,7),(75,16383,8),(76,16383,1),(76,16383,2),(76,16383,6),(76,16383,7),(76,16383,8),(77,16383,1),(77,16383,2),(77,16383,6),(77,16383,7),(77,16383,8),(78,16383,1),(78,16383,2),(78,16383,6),(78,16383,7),(78,16383,8),(79,16383,1),(79,16383,2),(79,16383,6),(79,16383,7),(79,16383,8),(80,16383,1),(80,16383,2),(80,16383,6),(80,16383,7),(80,16383,8),(81,16383,1),(81,16383,2),(81,16383,6),(81,16383,7),(81,16383,8),(82,16383,1),(82,16383,2),(82,16383,6),(82,16383,7),(82,16383,8),(83,16383,1),(83,16383,2),(83,16383,6),(83,16383,7),(83,16383,8),(84,16383,1),(84,16383,2),(84,16383,6),(84,16383,7),(84,16383,8),(85,16383,1),(85,16383,2),(85,16383,6),(85,16383,7),(85,16383,8),(86,16383,1),(86,16383,2),(86,16383,6),(86,16383,7),(86,16383,8),(87,16383,1),(87,16383,2),(87,16383,6),(87,16383,7),(87,16383,8),(88,16383,1),(88,16383,2),(88,16383,6),(88,16383,7),(88,16383,8),(89,16383,1),(89,16383,2),(89,16383,6),(89,16383,7),(89,16383,8),(90,16383,1),(90,16383,2),(90,16383,6),(90,16383,7),(90,16383,8),(91,16383,1),(91,16383,2),(91,16383,6),(91,16383,7),(91,16383,8),(92,16383,1),(92,16383,2),(92,16383,6),(92,16383,7),(92,16383,8),(93,16383,1),(93,16383,2),(93,16383,6),(93,16383,7),(93,16383,8),(94,16383,1),(94,16383,2),(94,16383,6),(94,16383,7),(94,16383,8),(95,16383,1),(95,16383,2),(95,16383,6),(95,16383,7),(95,16383,8),(96,16383,1),(96,16383,2),(96,16383,6),(96,16383,7),(96,16383,8),(97,16383,1),(97,16383,2),(97,16383,6),(97,16383,7),(97,16383,8),(98,16383,1),(98,16383,2),(98,16383,6),(98,16383,7),(98,16383,8),(99,16383,1),(99,16383,2),(99,16383,6),(99,16383,7),(99,16383,8),(100,16383,1),(100,16383,2),(100,16383,6),(100,16383,7),(100,16383,8),(101,16383,1),(101,16383,2),(101,16383,6),(101,16383,7),(101,16383,8),(102,16383,1),(102,16383,2),(102,16383,6),(102,16383,7),(102,16383,8),(103,16383,1),(103,16383,2),(103,16383,6),(103,16383,7),(103,16383,8),(104,16383,1),(104,16383,2),(104,16383,6),(104,16383,7),(104,16383,8),(105,16383,1),(105,16383,2),(105,16383,6),(105,16383,7),(105,16383,8),(106,16383,1),(106,16383,2),(106,16383,6),(106,16383,7),(106,16383,8),(107,16383,1),(107,16383,2),(107,16383,6),(107,16383,7),(107,16383,8),(108,16383,1),(108,16383,2),(108,16383,6),(108,16383,7),(108,16383,8),(109,16383,1),(109,16383,2),(109,16383,6),(109,16383,7),(109,16383,8),(110,16383,1),(110,16383,2),(110,16383,6),(110,16383,7),(110,16383,8),(111,16383,1),(111,16383,2),(111,16383,6),(111,16383,7),(111,16383,8),(112,16383,1),(112,16383,2),(112,16383,6),(112,16383,7),(112,16383,8),(113,16383,1),(113,16383,2),(113,16383,6),(113,16383,7),(113,16383,8),(114,16383,1),(114,16383,2),(114,16383,6),(114,16383,7),(114,16383,8),(115,16383,1),(115,16383,2),(115,16383,6),(115,16383,7),(115,16383,8),(116,16383,1),(116,16383,2),(116,16383,6),(116,16383,7),(116,16383,8),(117,16383,1),(117,16383,2),(117,16383,6),(117,16383,7),(117,16383,8),(118,16383,1),(118,16383,2),(118,16383,6),(118,16383,7),(118,16383,8),(119,16383,1),(119,16383,2),(119,16383,6),(119,16383,7),(119,16383,8),(120,16383,1),(120,16383,2),(120,16383,6),(120,16383,7),(120,16383,8),(121,16383,1),(121,16383,2),(121,16383,6),(121,16383,7),(121,16383,8),(122,16383,1),(122,16383,2),(122,16383,6),(122,16383,7),(122,16383,8),(123,16383,1),(123,16383,2),(123,16383,6),(123,16383,7),(123,16383,8),(124,16383,1),(124,16383,2),(124,16383,6),(124,16383,7),(124,16383,8),(125,16383,1),(125,16383,2),(125,16383,6),(125,16383,7),(125,16383,8),(126,16383,1),(126,16383,2),(126,16383,6),(126,16383,7),(126,16383,8),(127,16383,1),(127,16383,2),(127,16383,6),(127,16383,7),(127,16383,8),(128,16383,1),(128,16383,2),(128,16383,6),(128,16383,7),(128,16383,8),(129,16383,1),(129,16383,2),(129,16383,6),(129,16383,7),(129,16383,8),(130,16383,1),(130,16383,2),(130,16383,6),(130,16383,7),(130,16383,8),(131,16383,1),(131,16383,2),(131,16383,6),(131,16383,7),(131,16383,8),(132,16383,1),(132,16383,2),(132,16383,6),(132,16383,7),(132,16383,8),(133,16383,1),(133,16383,2),(133,16383,6),(133,16383,7),(133,16383,8),(134,16383,1),(134,16383,2),(134,16383,6),(134,16383,7),(134,16383,8),(135,16383,1),(135,16383,2),(135,16383,6),(135,16383,7),(135,16383,8),(136,16383,1),(136,16383,2),(136,16383,6),(136,16383,7),(136,16383,8),(137,16383,1),(137,16383,2),(137,16383,6),(137,16383,7),(137,16383,8),(138,16383,1),(138,16383,2),(138,16383,6),(138,16383,7),(138,16383,8),(139,16383,1),(139,16383,2),(139,16383,6),(139,16383,7),(139,16383,8),(140,16383,1),(140,16383,2),(140,16383,6),(140,16383,7),(140,16383,8),(141,16383,1),(141,16383,2),(141,16383,6),(141,16383,7),(141,16383,8),(142,16383,1),(142,16383,2),(142,16383,6),(142,16383,7),(142,16383,8),(143,16383,1),(143,16383,2),(143,16383,6),(143,16383,7),(143,16383,8),(144,16383,1),(144,16383,2),(144,16383,6),(144,16383,7),(144,16383,8),(145,16383,1),(145,16383,2),(145,16383,6),(145,16383,7),(145,16383,8),(146,16383,1),(146,16383,2),(146,16383,6),(146,16383,7),(146,16383,8),(147,16383,1),(147,16383,2),(147,16383,6),(147,16383,7),(147,16383,8),(148,16383,1),(148,16383,2),(148,16383,6),(148,16383,7),(148,16383,8),(149,16383,1),(149,16383,2),(149,16383,6),(149,16383,7),(149,16383,8),(150,16383,1),(150,16383,2),(150,16383,6),(150,16383,7),(150,16383,8),(151,16383,1),(151,16383,2),(151,16383,6),(151,16383,7),(151,16383,8),(152,16383,1),(152,16383,2),(152,16383,6),(152,16383,7),(152,16383,8),(153,16383,1),(153,16383,2),(153,16383,6),(153,16383,7),(153,16383,8),(154,16383,1),(154,16383,2),(154,16383,6),(154,16383,7),(154,16383,8),(155,16383,1),(155,16383,2),(155,16383,6),(155,16383,7),(155,16383,8),(156,16383,1),(156,16383,2),(156,16383,6),(156,16383,7),(156,16383,8),(157,16383,1),(157,16383,2),(157,16383,6),(157,16383,7),(157,16383,8),(158,16383,1),(158,16383,2),(158,16383,6),(158,16383,7),(158,16383,8),(159,16383,1),(159,16383,2),(159,16383,6),(159,16383,7),(159,16383,8),(160,16383,1),(160,16383,2),(160,16383,6),(160,16383,7),(160,16383,8),(161,16383,1),(161,16383,2),(161,16383,6),(161,16383,7),(161,16383,8),(162,16383,1),(162,16383,2),(162,16383,6),(162,16383,7),(162,16383,8),(163,16383,1),(163,16383,2),(163,16383,6),(163,16383,7),(163,16383,8),(164,16383,1),(164,16383,2),(164,16383,6),(164,16383,7),(164,16383,8),(165,16383,1),(165,16383,2),(165,16383,6),(165,16383,7),(165,16383,8),(166,16383,1),(166,16383,2),(166,16383,6),(166,16383,7),(166,16383,8),(167,16383,1),(167,16383,2),(167,16383,6),(167,16383,7),(167,16383,8),(168,16383,1),(168,16383,2),(168,16383,6),(168,16383,7),(168,16383,8),(169,16383,1),(169,16383,2),(169,16383,6),(169,16383,7),(169,16383,8),(170,16383,1),(170,16383,2),(170,16383,6),(170,16383,7),(170,16383,8),(171,16383,1),(171,16383,2),(171,16383,6),(171,16383,7),(171,16383,8),(172,16383,1),(172,16383,2),(172,16383,6),(172,16383,7),(172,16383,8),(173,16383,1),(173,16383,2),(173,16383,6),(173,16383,7),(173,16383,8),(174,16383,1),(174,16383,2),(174,16383,6),(174,16383,7),(174,16383,8),(175,16383,1),(175,16383,2),(175,16383,6),(175,16383,7),(175,16383,8),(176,16383,1),(176,16383,2),(176,16383,6),(176,16383,7),(176,16383,8),(177,16383,1),(177,16383,2),(177,16383,6),(177,16383,7),(177,16383,8),(178,16383,1),(178,16383,2),(178,16383,6),(178,16383,7),(178,16383,8),(179,16383,1),(179,16383,2),(179,16383,6),(179,16383,7),(179,16383,8),(180,16383,1),(180,16383,2),(180,16383,6),(180,16383,7),(180,16383,8),(181,16383,1),(181,16383,2),(181,16383,6),(181,16383,7),(181,16383,8),(182,16383,1),(182,16383,2),(182,16383,6),(182,16383,7),(182,16383,8),(183,16383,1),(183,16383,2),(183,16383,6),(183,16383,7),(183,16383,8),(184,16383,1),(184,16383,2),(184,16383,6),(184,16383,7),(184,16383,8),(185,16383,1),(185,16383,2),(185,16383,6),(185,16383,7),(185,16383,8),(186,16383,1),(186,16383,2),(186,16383,6),(186,16383,7),(186,16383,8),(187,16383,1),(187,16383,2),(187,16383,6),(187,16383,7),(187,16383,8),(188,16383,1),(188,16383,2),(188,16383,6),(188,16383,7),(188,16383,8),(189,16383,1),(189,16383,2),(189,16383,6),(189,16383,7),(189,16383,8),(190,16383,1),(190,16383,2),(190,16383,6),(190,16383,7),(190,16383,8),(191,16383,1),(191,16383,2),(191,16383,6),(191,16383,7),(191,16383,8),(192,16383,1),(192,16383,2),(192,16383,6),(192,16383,7),(192,16383,8),(193,16383,1),(193,16383,2),(193,16383,6),(193,16383,7),(193,16383,8),(194,16383,1),(194,16383,2),(194,16383,6),(194,16383,7),(194,16383,8),(195,16383,1),(195,16383,2),(195,16383,6),(195,16383,7),(195,16383,8),(196,16383,1),(196,16383,2),(196,16383,6),(196,16383,7),(196,16383,8),(197,16383,1),(197,16383,2),(197,16383,6),(197,16383,7),(197,16383,8),(198,16383,1),(198,16383,2),(198,16383,6),(198,16383,7),(198,16383,8),(199,16383,1),(199,16383,2),(199,16383,6),(199,16383,7),(199,16383,8),(200,16383,1),(200,16383,2),(200,16383,6),(200,16383,7),(200,16383,8),(201,16383,1),(201,16383,2),(201,16383,6),(201,16383,7),(201,16383,8),(202,16383,1),(202,16383,2),(202,16383,6),(202,16383,7),(202,16383,8),(203,16383,1),(203,16383,2),(203,16383,6),(203,16383,7),(203,16383,8),(204,16383,1),(204,16383,2),(204,16383,6),(204,16383,7),(204,16383,8),(205,16383,1),(205,16383,2),(205,16383,6),(205,16383,7),(205,16383,8),(206,16383,1),(206,16383,2),(206,16383,6),(206,16383,7),(206,16383,8),(207,16383,1),(207,16383,2),(207,16383,6),(207,16383,7),(207,16383,8),(208,16383,1),(208,16383,2),(208,16383,6),(208,16383,7),(208,16383,8),(209,16383,1),(209,16383,2),(209,16383,6),(209,16383,7),(209,16383,8),(210,16383,1),(210,16383,2),(210,16383,6),(210,16383,7),(210,16383,8),(211,16383,1),(211,16383,2),(211,16383,6),(211,16383,7),(211,16383,8),(212,16383,1),(212,16383,2),(212,16383,6),(212,16383,7),(212,16383,8),(213,16383,1),(213,16383,2),(213,16383,6),(213,16383,7),(213,16383,8),(214,16383,1),(214,16383,2),(214,16383,6),(214,16383,7),(214,16383,8),(215,16383,1),(215,16383,2),(215,16383,6),(215,16383,7),(215,16383,8),(216,16383,1),(216,16383,2),(216,16383,6),(216,16383,7),(216,16383,8),(217,16383,1),(217,16383,2),(217,16383,6),(217,16383,7),(217,16383,8),(218,16383,1),(218,16383,2),(218,16383,6),(218,16383,7),(218,16383,8),(219,16383,1),(219,16383,2),(219,16383,6),(219,16383,7),(219,16383,8),(220,16383,1),(220,16383,2),(220,16383,6),(220,16383,7),(220,16383,8),(221,16383,1),(221,16383,2),(221,16383,6),(221,16383,7),(221,16383,8),(222,16383,1),(222,16383,2),(222,16383,6),(222,16383,7),(222,16383,8),(223,16383,1),(223,16383,2),(223,16383,6),(223,16383,7),(223,16383,8),(224,16383,1),(224,16383,2),(224,16383,6),(224,16383,7),(224,16383,8),(225,16383,1),(225,16383,2),(225,16383,6),(225,16383,7),(225,16383,8),(226,16383,1),(226,16383,2),(226,16383,6),(226,16383,7),(226,16383,8),(227,16383,1),(227,16383,2),(227,16383,6),(227,16383,7),(227,16383,8),(228,16383,1),(228,16383,2),(228,16383,6),(228,16383,7),(228,16383,8),(229,16383,1),(229,16383,2),(229,16383,6),(229,16383,7),(229,16383,8),(230,16383,1),(230,16383,2),(230,16383,6),(230,16383,7),(230,16383,8),(231,16383,1),(231,16383,2),(231,16383,6),(231,16383,7),(231,16383,8),(232,16383,1),(232,16383,2),(232,16383,6),(232,16383,7),(232,16383,8),(233,16383,1),(233,16383,2),(233,16383,6),(233,16383,7),(233,16383,8),(234,16383,1),(234,16383,2),(234,16383,6),(234,16383,7),(234,16383,8),(235,16383,1),(235,16383,2),(235,16383,6),(235,16383,7),(235,16383,8),(236,16383,1),(236,16383,2),(236,16383,6),(236,16383,7),(236,16383,8),(237,16383,1),(237,16383,2),(237,16383,6),(237,16383,7),(237,16383,8),(238,16383,1),(238,16383,2),(238,16383,6),(238,16383,7),(238,16383,8),(239,16383,1),(239,16383,2),(239,16383,6),(239,16383,7),(239,16383,8),(240,16383,1),(240,16383,2),(240,16383,6),(240,16383,7),(240,16383,8),(241,16383,1),(241,16383,2),(241,16383,6),(241,16383,7),(241,16383,8),(242,16383,1),(242,16383,2),(242,16383,6),(242,16383,7),(242,16383,8),(243,16383,1),(243,16383,2),(243,16383,6),(243,16383,7),(243,16383,8),(244,16383,1),(244,16383,2),(244,16383,6),(244,16383,7),(244,16383,8),(245,16383,1),(245,16383,2),(245,16383,6),(245,16383,7),(245,16383,8),(246,16383,1),(246,16383,2),(246,16383,6),(246,16383,7),(246,16383,8),(247,16383,1),(247,16383,2),(247,16383,6),(247,16383,7),(247,16383,8),(248,16383,1),(248,16383,2),(248,16383,6),(248,16383,7),(248,16383,8),(249,16383,1),(249,16383,2),(249,16383,6),(249,16383,7),(249,16383,8),(250,16383,1),(250,16383,2),(250,16383,6),(250,16383,7),(250,16383,8),(251,16383,1),(251,16383,2),(251,16383,6),(251,16383,7),(251,16383,8),(252,16383,1),(252,16383,2),(252,16383,6),(252,16383,7),(252,16383,8),(253,16383,1),(253,16383,2),(253,16383,6),(253,16383,7),(253,16383,8),(254,16383,1),(254,16383,2),(254,16383,6),(254,16383,7),(254,16383,8),(255,16383,1),(255,16383,2),(255,16383,6),(255,16383,7),(255,16383,8),(256,16383,1),(256,16383,2),(256,16383,6),(256,16383,7),(256,16383,8),(257,16383,1),(257,16383,2),(257,16383,6),(257,16383,7),(257,16383,8),(258,16383,1),(258,16383,2),(258,16383,6),(258,16383,7),(258,16383,8),(259,16383,1),(259,16383,2),(259,16383,6),(259,16383,7),(259,16383,8),(260,16383,1),(260,16383,2),(260,16383,6),(260,16383,7),(260,16383,8),(261,16383,1),(261,16383,2),(261,16383,6),(261,16383,7),(261,16383,8),(262,16383,1),(262,16383,2),(262,16383,6),(262,16383,7),(262,16383,8),(263,16383,1),(263,16383,2),(263,16383,6),(263,16383,7),(263,16383,8),(264,16383,1),(264,16383,2),(264,16383,6),(264,16383,7),(264,16383,8),(265,16383,1),(265,16383,2),(265,16383,6),(265,16383,7),(265,16383,8),(266,16383,1),(266,16383,2),(266,16383,6),(266,16383,7),(266,16383,8),(267,16383,1),(267,16383,2),(267,16383,6),(267,16383,7),(267,16383,8),(268,16383,1),(268,16383,2),(268,16383,6),(268,16383,7),(268,16383,8),(269,16383,1),(269,16383,2),(269,16383,6),(269,16383,7),(269,16383,8),(270,16383,1),(270,16383,2),(270,16383,6),(270,16383,7),(270,16383,8),(271,16383,1),(271,16383,2),(271,16383,6),(271,16383,7),(271,16383,8),(272,16383,1),(272,16383,2),(272,16383,6),(272,16383,7),(272,16383,8),(273,16383,1),(273,16383,2),(273,16383,6),(273,16383,7),(273,16383,8),(274,16383,1),(274,16383,2),(274,16383,6),(274,16383,7),(274,16383,8),(275,16383,1),(275,16383,2),(275,16383,6),(275,16383,7),(275,16383,8),(276,16383,1),(276,16383,2),(276,16383,6),(276,16383,7),(276,16383,8),(277,16383,1),(277,16383,2),(277,16383,6),(277,16383,7),(277,16383,8),(278,16383,1),(278,16383,2),(278,16383,6),(278,16383,7),(278,16383,8),(279,16383,1),(279,16383,2),(279,16383,6),(279,16383,7),(279,16383,8),(280,16383,1),(280,16383,2),(280,16383,6),(280,16383,7),(280,16383,8),(281,16383,1),(281,16383,2),(281,16383,6),(281,16383,7),(281,16383,8),(282,16383,1),(282,16383,2),(282,16383,6),(282,16383,7),(282,16383,8),(283,16383,1),(283,16383,2),(283,16383,6),(283,16383,7),(283,16383,8),(284,16383,1),(284,16383,2),(284,16383,6),(284,16383,7),(284,16383,8),(285,16383,1),(285,16383,2),(285,16383,6),(285,16383,7),(285,16383,8),(286,16383,1),(286,16383,2),(286,16383,6),(286,16383,7),(286,16383,8),(287,16383,1),(287,16383,2),(287,16383,6),(287,16383,7),(287,16383,8),(288,16383,1),(288,16383,2),(288,16383,6),(288,16383,7),(288,16383,8),(289,16383,1),(289,16383,2),(289,16383,6),(289,16383,7),(289,16383,8),(290,16383,1),(290,16383,2),(290,16383,6),(290,16383,7),(290,16383,8),(291,16383,1),(291,16383,2),(291,16383,6),(291,16383,7),(291,16383,8),(292,16383,1),(292,16383,2),(292,16383,6),(292,16383,7),(292,16383,8),(293,16383,1),(293,16383,2),(293,16383,6),(293,16383,7),(293,16383,8),(294,16383,1),(294,16383,2),(294,16383,6),(294,16383,7),(294,16383,8),(295,16383,1),(295,16383,2),(295,16383,6),(295,16383,7),(295,16383,8),(296,16383,1),(296,16383,2),(296,16383,6),(296,16383,7),(296,16383,8),(297,16383,1),(297,16383,2),(297,16383,6),(297,16383,7),(297,16383,8),(298,16383,1),(298,16383,2),(298,16383,6),(298,16383,7),(298,16383,8),(299,16383,1),(299,16383,2),(299,16383,6),(299,16383,7),(299,16383,8),(300,16383,1),(300,16383,2),(300,16383,6),(300,16383,7),(300,16383,8),(301,16383,1),(301,16383,2),(301,16383,6),(301,16383,7),(301,16383,8),(302,16383,1),(302,16383,2),(302,16383,6),(302,16383,7),(302,16383,8),(303,16383,1),(303,16383,2),(303,16383,6),(303,16383,7),(303,16383,8),(304,16383,1),(304,16383,2),(304,16383,6),(304,16383,7),(304,16383,8),(305,16383,1),(305,16383,2),(305,16383,6),(305,16383,7),(305,16383,8),(306,16383,1),(306,16383,2),(306,16383,6),(306,16383,7),(306,16383,8),(307,16383,1),(307,16383,2),(307,16383,6),(307,16383,7),(307,16383,8),(308,16383,1),(308,16383,2),(308,16383,6),(308,16383,7),(308,16383,8),(309,16383,1),(309,16383,2),(309,16383,6),(309,16383,7),(309,16383,8),(310,16383,1),(310,16383,2),(310,16383,6),(310,16383,7),(310,16383,8),(311,16383,1),(311,16383,2),(311,16383,6),(311,16383,7),(311,16383,8),(312,16383,1),(312,16383,2),(312,16383,6),(312,16383,7),(312,16383,8),(313,16383,1),(313,16383,2),(313,16383,6),(313,16383,7),(313,16383,8),(314,16383,1),(314,16383,2),(314,16383,6),(314,16383,7),(314,16383,8),(315,16383,1),(315,16383,2),(315,16383,6),(315,16383,7),(315,16383,8),(316,16383,1),(316,16383,2),(316,16383,6),(316,16383,7),(316,16383,8),(317,16383,1),(317,16383,2),(317,16383,6),(317,16383,7),(317,16383,8),(318,16383,1),(318,16383,2),(318,16383,6),(318,16383,7),(318,16383,8),(319,16383,1),(319,16383,2),(319,16383,6),(319,16383,7),(319,16383,8),(320,16383,1),(320,16383,2),(320,16383,6),(320,16383,7),(320,16383,8),(321,16383,1),(321,16383,2),(321,16383,6),(321,16383,7),(321,16383,8),(322,16383,1),(322,16383,2),(322,16383,6),(322,16383,7),(322,16383,8),(323,16383,1),(323,16383,2),(323,16383,6),(323,16383,7),(323,16383,8),(324,16383,1),(324,16383,2),(324,16383,6),(324,16383,7),(324,16383,8),(325,16383,1),(325,16383,2),(325,16383,6),(325,16383,7),(325,16383,8),(326,16383,1),(326,16383,2),(326,16383,6),(326,16383,7),(326,16383,8),(327,16383,1),(327,16383,2),(327,16383,6),(327,16383,7),(327,16383,8),(328,16383,1),(328,16383,2),(328,16383,6),(328,16383,7),(328,16383,8),(329,16383,1),(329,16383,2),(329,16383,6),(329,16383,7),(329,16383,8),(330,16383,1),(330,16383,2),(330,16383,6),(330,16383,7),(330,16383,8),(331,16383,1),(331,16383,2),(331,16383,6),(331,16383,7),(331,16383,8),(332,16383,1),(332,16383,2),(332,16383,6),(332,16383,7),(332,16383,8),(333,16383,1),(333,16383,2),(333,16383,6),(333,16383,7),(333,16383,8),(334,16383,1),(334,16383,2),(334,16383,6),(334,16383,7),(334,16383,8),(335,16383,1),(335,16383,2),(335,16383,6),(335,16383,7),(335,16383,8),(336,16383,1),(336,16383,2),(336,16383,6),(336,16383,7),(336,16383,8),(337,16383,1),(337,16383,2),(337,16383,6),(337,16383,7),(337,16383,8),(338,16383,1),(338,16383,2),(338,16383,6),(338,16383,7),(338,16383,8),(339,16383,1),(339,16383,2),(339,16383,6),(339,16383,7),(339,16383,8),(340,16383,1),(340,16383,2),(340,16383,6),(340,16383,7),(340,16383,8),(341,16383,1),(341,16383,2),(341,16383,6),(341,16383,7),(341,16383,8),(342,16383,1),(342,16383,2),(342,16383,6),(342,16383,7),(342,16383,8),(343,16383,1),(343,16383,2),(343,16383,6),(343,16383,7),(343,16383,8),(344,16383,1),(344,16383,2),(344,16383,6),(344,16383,7),(344,16383,8),(345,16383,1),(345,16383,2),(345,16383,6),(345,16383,7),(345,16383,8),(346,16383,1),(346,16383,2),(346,16383,6),(346,16383,7),(346,16383,8),(347,16383,1),(347,16383,2),(347,16383,6),(347,16383,7),(347,16383,8),(348,16383,1),(348,16383,2),(348,16383,6),(348,16383,7),(348,16383,8),(349,16383,1),(349,16383,2),(349,16383,6),(349,16383,7),(349,16383,8),(350,16383,1),(350,16383,2),(350,16383,6),(350,16383,7),(350,16383,8),(351,16383,1),(351,16383,2),(351,16383,6),(351,16383,7),(351,16383,8),(352,16383,1),(352,16383,2),(352,16383,6),(352,16383,7),(352,16383,8),(353,16383,1),(353,16383,2),(353,16383,6),(353,16383,7),(353,16383,8),(354,16383,1),(354,16383,2),(354,16383,6),(354,16383,7),(354,16383,8),(355,16383,1),(355,16383,2),(355,16383,6),(355,16383,7),(355,16383,8),(356,16383,1),(356,16383,2),(356,16383,6),(356,16383,7),(356,16383,8),(357,16383,1),(357,16383,2),(357,16383,6),(357,16383,7),(357,16383,8),(358,16383,1),(358,16383,2),(358,16383,6),(358,16383,7),(358,16383,8),(359,16383,1),(359,16383,2),(359,16383,6),(359,16383,7),(359,16383,8),(360,16383,1),(360,16383,2),(360,16383,6),(360,16383,7),(360,16383,8),(361,16383,1),(361,16383,2),(361,16383,6),(361,16383,7),(361,16383,8),(362,16383,1),(362,16383,2),(362,16383,6),(362,16383,7),(362,16383,8),(363,16383,1),(363,16383,2),(363,16383,6),(363,16383,7),(363,16383,8),(364,16383,1),(364,16383,2),(364,16383,6),(364,16383,7),(364,16383,8),(365,16383,1),(365,16383,2),(365,16383,6),(365,16383,7),(365,16383,8),(366,16383,1),(366,16383,2),(366,16383,6),(366,16383,7),(366,16383,8),(367,16383,1),(367,16383,2),(367,16383,6),(367,16383,7),(367,16383,8),(368,16383,1),(368,16383,2),(368,16383,6),(368,16383,7),(368,16383,8),(369,16383,1),(369,16383,2),(369,16383,6),(369,16383,7),(369,16383,8),(370,16383,1),(370,16383,2),(370,16383,6),(370,16383,7),(370,16383,8),(371,16383,1),(371,16383,2),(371,16383,6),(371,16383,7),(371,16383,8),(372,16383,1),(372,16383,2),(372,16383,6),(372,16383,7),(372,16383,8),(373,16383,1),(373,16383,2),(373,16383,6),(373,16383,7),(373,16383,8),(374,16383,1),(374,16383,2),(374,16383,6),(374,16383,7),(374,16383,8),(375,16383,1),(375,16383,2),(375,16383,6),(375,16383,7),(375,16383,8),(376,16383,1),(376,16383,2),(376,16383,6),(376,16383,7),(376,16383,8),(377,16383,1),(377,16383,2),(377,16383,6),(377,16383,7),(377,16383,8),(378,16383,1),(378,16383,2),(378,16383,6),(378,16383,7),(378,16383,8),(379,16383,1),(379,16383,2),(379,16383,6),(379,16383,7),(379,16383,8),(380,16383,1),(380,16383,2),(380,16383,6),(380,16383,7),(380,16383,8),(381,16383,1),(381,16383,2),(381,16383,6),(381,16383,7),(381,16383,8),(382,16383,1),(382,16383,2),(382,16383,6),(382,16383,7),(382,16383,8),(383,16383,1),(383,16383,2),(383,16383,6),(383,16383,7),(383,16383,8),(384,16383,1),(384,16383,2),(384,16383,6),(384,16383,7),(384,16383,8),(385,16383,1),(385,16383,2),(385,16383,6),(385,16383,7),(385,16383,8),(386,16383,1),(386,16383,2),(386,16383,6),(386,16383,7),(386,16383,8),(387,16383,1),(387,16383,2),(387,16383,6),(387,16383,7),(387,16383,8),(388,16383,1),(388,16383,2),(388,16383,6),(388,16383,7),(388,16383,8),(389,16383,1),(389,16383,2),(389,16383,6),(389,16383,7),(389,16383,8),(390,16383,1),(390,16383,2),(390,16383,6),(390,16383,7),(390,16383,8),(391,16383,1),(391,16383,2),(391,16383,6),(391,16383,7),(391,16383,8),(392,16383,1),(392,16383,2),(392,16383,6),(392,16383,7),(392,16383,8),(393,16383,1),(393,16383,2),(393,16383,6),(393,16383,7),(393,16383,8),(394,16383,1),(394,16383,2),(394,16383,6),(394,16383,7),(394,16383,8),(395,16383,1),(395,16383,2),(395,16383,6),(395,16383,7),(395,16383,8),(396,16383,1),(396,16383,2),(396,16383,6),(396,16383,7),(396,16383,8),(397,16383,1),(397,16383,2),(397,16383,6),(397,16383,7),(397,16383,8),(398,16383,1),(398,16383,2),(398,16383,6),(398,16383,7),(398,16383,8),(399,16383,1),(399,16383,2),(399,16383,6),(399,16383,7),(399,16383,8),(400,16383,1),(400,16383,2),(400,16383,6),(400,16383,7),(400,16383,8),(401,16383,1),(401,16383,2),(401,16383,6),(401,16383,7),(401,16383,8),(402,16383,1),(402,16383,2),(402,16383,6),(402,16383,7),(402,16383,8),(403,16383,1),(403,16383,2),(403,16383,6),(403,16383,7),(403,16383,8),(404,16383,1),(404,16383,2),(404,16383,6),(404,16383,7),(404,16383,8),(405,16383,1),(405,16383,2),(405,16383,6),(405,16383,7),(405,16383,8),(406,16383,1),(406,16383,2),(406,16383,6),(406,16383,7),(406,16383,8),(407,16383,1),(407,16383,2),(407,16383,6),(407,16383,7),(407,16383,8),(408,16383,1),(408,16383,2),(408,16383,6),(408,16383,7),(408,16383,8),(409,16383,1),(409,16383,2),(409,16383,6),(409,16383,7),(409,16383,8),(410,16383,1),(410,16383,2),(410,16383,6),(410,16383,7),(410,16383,8),(411,16383,1),(411,16383,2),(411,16383,6),(411,16383,7),(411,16383,8),(412,16383,1),(412,16383,2),(412,16383,6),(412,16383,7),(412,16383,8),(413,16383,1),(413,16383,2),(413,16383,6),(413,16383,7),(413,16383,8),(414,16383,1),(414,16383,2),(414,16383,6),(414,16383,7),(414,16383,8),(415,16383,1),(415,16383,2),(415,16383,6),(415,16383,7),(415,16383,8),(416,16383,1),(416,16383,2),(416,16383,6),(416,16383,7),(416,16383,8),(417,16383,1),(417,16383,2),(417,16383,6),(417,16383,7),(417,16383,8),(418,16383,1),(418,16383,2),(418,16383,6),(418,16383,7),(418,16383,8),(419,16383,1),(419,16383,2),(419,16383,6),(419,16383,7),(419,16383,8),(420,16383,1),(420,16383,2),(420,16383,6),(420,16383,7),(420,16383,8),(421,16383,1),(421,16383,2),(421,16383,6),(421,16383,7),(421,16383,8),(422,16383,1),(422,16383,2),(422,16383,6),(422,16383,7),(422,16383,8),(423,16383,1),(423,16383,2),(423,16383,6),(423,16383,7),(423,16383,8),(424,16383,1),(424,16383,2),(424,16383,6),(424,16383,7),(424,16383,8),(425,16383,1),(425,16383,2),(425,16383,6),(425,16383,7),(425,16383,8),(426,16383,1),(426,16383,2),(426,16383,6),(426,16383,7),(426,16383,8),(427,16383,1),(427,16383,2),(427,16383,6),(427,16383,7),(427,16383,8),(428,16383,1),(428,16383,2),(428,16383,6),(428,16383,7),(428,16383,8),(429,16383,1),(429,16383,2),(429,16383,6),(429,16383,7),(429,16383,8),(430,16383,1),(430,16383,2),(430,16383,6),(430,16383,7),(430,16383,8),(431,16383,1),(431,16383,2),(431,16383,6),(431,16383,7),(431,16383,8),(432,16383,1),(432,16383,2),(432,16383,6),(432,16383,7),(432,16383,8),(433,16383,1),(433,16383,2),(433,16383,6),(433,16383,7),(433,16383,8),(434,16383,1),(434,16383,2),(434,16383,6),(434,16383,7),(434,16383,8),(435,16383,1),(435,16383,2),(435,16383,6),(435,16383,7),(435,16383,8),(436,16383,1),(436,16383,2),(436,16383,6),(436,16383,7),(436,16383,8),(437,16383,1),(437,16383,2),(437,16383,6),(437,16383,7),(437,16383,8),(438,16383,1),(438,16383,2),(438,16383,6),(438,16383,7),(438,16383,8),(439,16383,1),(439,16383,2),(439,16383,6),(439,16383,7),(439,16383,8),(440,16383,1),(440,16383,2),(440,16383,6),(440,16383,7),(440,16383,8);
/*!40000 ALTER TABLE `acl2_permissions` ENABLE KEYS */;
UNLOCK TABLES;

--
-- Table structure for table `admins`
--

DROP TABLE IF EXISTS `admins`;
/*!40101 SET @saved_cs_client     = @@character_set_client */;
/*!40101 SET character_set_client = utf8 */;
CREATE TABLE `admins` (
  `adminid` bigint(20) NOT NULL AUTO_INCREMENT,
  `dn` varchar(255) NOT NULL,
  `email_address` varchar(255) DEFAULT NULL,
  `ca` smallint(6) NOT NULL,
  PRIMARY KEY (`adminid`),
  UNIQUE KEY `dn` (`dn`),
  KEY `FKAB3A67047C6FEB32` (`ca`),
  CONSTRAINT `FKAB3A67047C6FEB32` FOREIGN KEY (`ca`) REFERENCES `ca` (`cid`)
) ENGINE=InnoDB AUTO_INCREMENT=9 DEFAULT CHARSET=latin1;
/*!40101 SET character_set_client = @saved_cs_client */;

--
-- Dumping data for table `admins`
--

LOCK TABLES `admins` WRITE;
/*!40000 ALTER TABLE `admins` DISABLE KEYS */;
INSERT INTO `admins` VALUES (1,'/O=VOMS/O=System/CN=Internal VOMS Process',NULL,5),(2,'/O=VOMS/O=System/CN=Local Database Administrator',NULL,5),(3,'/O=VOMS/O=System/CN=Absolutely Anyone',NULL,5),(4,'/O=VOMS/O=System/CN=Any Authenticated User',NULL,5),(5,'/O=VOMS/O=System/CN=Unauthenticated Client',NULL,5),(6,'/test_0/Role=VO-Admin',NULL,7),(7,'/C=IT/O=IGI/CN=dev.local.io',NULL,3),(8,'/C=IT/O=IGI/CN=test0','andrea.ceccanti@cnaf.infn.it',3);
/*!40000 ALTER TABLE `admins` ENABLE KEYS */;
UNLOCK TABLES;

--
-- Table structure for table `attributes`
--

DROP TABLE IF EXISTS `attributes`;
/*!40101 SET @saved_cs_client     = @@character_set_client */;
/*!40101 SET character_set_client = utf8 */;
CREATE TABLE `attributes` (
  `a_id` bigint(20) NOT NULL AUTO_INCREMENT,
  `a_desc` text,
  `a_name` varchar(255) NOT NULL,
  `a_uniq` bit(1) NOT NULL,
  PRIMARY KEY (`a_id`),
  UNIQUE KEY `a_name` (`a_name`)
) ENGINE=InnoDB AUTO_INCREMENT=4 DEFAULT CHARSET=latin1;
/*!40101 SET character_set_client = @saved_cs_client */;

--
-- Dumping data for table `attributes`
--

LOCK TABLES `attributes` WRITE;
/*!40000 ALTER TABLE `attributes` DISABLE KEYS */;
INSERT INTO `attributes` VALUES (1,'nickname','nickname','\0'),(2,'favourite_pet','favourite_pet','\0'),(3,'contagious_disease','contagious_disease','\0');
/*!40000 ALTER TABLE `attributes` ENABLE KEYS */;
UNLOCK TABLES;

--
-- Table structure for table `aup`
--

DROP TABLE IF EXISTS `aup`;
/*!40101 SET @saved_cs_client     = @@character_set_client */;
/*!40101 SET character_set_client = utf8 */;
CREATE TABLE `aup` (
  `id` bigint(20) NOT NULL AUTO_INCREMENT,
  `name` varchar(255) NOT NULL,
  `description` varchar(255) DEFAULT NULL,
  `reacceptancePeriod` int(11) NOT NULL,
  PRIMARY KEY (`id`),
  UNIQUE KEY `name` (`name`)
) ENGINE=InnoDB AUTO_INCREMENT=2 DEFAULT CHARSET=latin1;
/*!40101 SET character_set_client = @saved_cs_client */;

--
-- Dumping data for table `aup`
--

LOCK TABLES `aup` WRITE;
/*!40000 ALTER TABLE `aup` DISABLE KEYS */;
INSERT INTO `aup` VALUES (1,'VO-AUP','',365);
/*!40000 ALTER TABLE `aup` ENABLE KEYS */;
UNLOCK TABLES;

--
-- Table structure for table `aup_acc_record`
--

DROP TABLE IF EXISTS `aup_acc_record`;
/*!40101 SET @saved_cs_client     = @@character_set_client */;
/*!40101 SET character_set_client = utf8 */;
CREATE TABLE `aup_acc_record` (
  `id` bigint(20) NOT NULL AUTO_INCREMENT,
  `aup_version_id` bigint(20) NOT NULL,
  `usr_id` bigint(20) NOT NULL,
  `last_acceptance_date` datetime NOT NULL,
  `valid` bit(1) DEFAULT NULL,
  PRIMARY KEY (`id`),
  UNIQUE KEY `aup_version_id` (`aup_version_id`,`usr_id`),
  KEY `FKB1979B32EE2D4487` (`usr_id`),
  KEY `FKB1979B32815F1678` (`aup_version_id`),
  CONSTRAINT `FKB1979B32815F1678` FOREIGN KEY (`aup_version_id`) REFERENCES `aup_version` (`id`),
  CONSTRAINT `FKB1979B32EE2D4487` FOREIGN KEY (`usr_id`) REFERENCES `usr` (`userid`)
) ENGINE=InnoDB AUTO_INCREMENT=201 DEFAULT CHARSET=latin1;
/*!40101 SET character_set_client = @saved_cs_client */;

--
-- Dumping data for table `aup_acc_record`
--

LOCK TABLES `aup_acc_record` WRITE;
/*!40000 ALTER TABLE `aup_acc_record` DISABLE KEYS */;
INSERT INTO `aup_acc_record` VALUES (1,1,1,'2017-03-21 17:49:50',''),(2,1,2,'2017-03-21 17:49:50',''),(3,1,3,'2017-03-21 17:49:51',''),(4,1,4,'2017-03-21 17:49:52',''),(5,1,5,'2017-03-21 17:49:52',''),(6,1,6,'2017-03-21 17:49:53',''),(7,1,7,'2017-03-21 17:49:53',''),(8,1,8,'2017-03-21 17:49:54',''),(9,1,9,'2017-03-21 17:49:55',''),(10,1,10,'2017-03-21 17:49:55',''),(11,1,11,'2017-03-21 17:49:55',''),(12,1,12,'2017-03-21 17:49:56',''),(13,1,13,'2017-03-21 17:49:56',''),(14,1,14,'2017-03-21 17:49:57',''),(15,1,15,'2017-03-21 17:49:57',''),(16,1,16,'2017-03-21 17:49:57',''),(17,1,17,'2017-03-21 17:49:58',''),(18,1,18,'2017-03-21 17:49:58',''),(19,1,19,'2017-03-21 17:49:59',''),(20,1,20,'2017-03-21 17:49:59',''),(21,1,21,'2017-03-21 17:50:00',''),(22,1,22,'2017-03-21 17:50:00',''),(23,1,23,'2017-03-21 17:50:01',''),(24,1,24,'2017-03-21 17:50:01',''),(25,1,25,'2017-03-21 17:50:02',''),(26,1,26,'2017-03-21 17:50:02',''),(27,1,27,'2017-03-21 17:50:03',''),(28,1,28,'2017-03-21 17:50:03',''),(29,1,29,'2017-03-21 17:50:04',''),(30,1,30,'2017-03-21 17:50:04',''),(31,1,31,'2017-03-21 17:50:04',''),(32,1,32,'2017-03-21 17:50:05',''),(33,1,33,'2017-03-21 17:50:05',''),(34,1,34,'2017-03-21 17:50:05',''),(35,1,35,'2017-03-21 17:50:06',''),(36,1,36,'2017-03-21 17:50:07',''),(37,1,37,'2017-03-21 17:50:08',''),(38,1,38,'2017-03-21 17:50:08',''),(39,1,39,'2017-03-21 17:50:08',''),(40,1,40,'2017-03-21 17:50:09',''),(41,1,41,'2017-03-21 17:50:09',''),(42,1,42,'2017-03-21 17:50:10',''),(43,1,43,'2017-03-21 17:50:10',''),(44,1,44,'2017-03-21 17:50:11',''),(45,1,45,'2017-03-21 17:50:11',''),(46,1,46,'2017-03-21 17:50:11',''),(47,1,47,'2017-03-21 17:50:12',''),(48,1,48,'2017-03-21 17:50:12',''),(49,1,49,'2017-03-21 17:50:12',''),(50,1,50,'2017-03-21 17:50:13',''),(51,1,51,'2017-03-21 17:50:13',''),(52,1,52,'2017-03-21 17:50:14',''),(53,1,53,'2017-03-21 17:50:14',''),(54,1,54,'2017-03-21 17:50:15',''),(55,1,55,'2017-03-21 17:50:15',''),(56,1,56,'2017-03-21 17:50:15',''),(57,1,57,'2017-03-21 17:50:16',''),(58,1,58,'2017-03-21 17:50:16',''),(59,1,59,'2017-03-21 17:50:16',''),(60,1,60,'2017-03-21 17:50:17',''),(61,1,61,'2017-03-21 17:50:17',''),(62,1,62,'2017-03-21 17:50:17',''),(63,1,63,'2017-03-21 17:50:18',''),(64,1,64,'2017-03-21 17:50:18',''),(65,1,65,'2017-03-21 17:50:19',''),(66,1,66,'2017-03-21 17:50:19',''),(67,1,67,'2017-03-21 17:50:20',''),(68,1,68,'2017-03-21 17:50:21',''),(69,1,69,'2017-03-21 17:50:21',''),(70,1,70,'2017-03-21 17:50:22',''),(71,1,71,'2017-03-21 17:50:22',''),(72,1,72,'2017-03-21 17:50:23',''),(73,1,73,'2017-03-21 17:50:23',''),(74,1,74,'2017-03-21 17:50:24',''),(75,1,75,'2017-03-21 17:50:24',''),(76,1,76,'2017-03-21 17:50:24',''),(77,1,77,'2017-03-21 17:50:25',''),(78,1,78,'2017-03-21 17:50:25',''),(79,1,79,'2017-03-21 17:50:26',''),(80,1,80,'2017-03-21 17:50:26',''),(81,1,81,'2017-03-21 17:50:26',''),(82,1,82,'2017-03-21 17:50:27',''),(83,1,83,'2017-03-21 17:50:27',''),(84,1,84,'2017-03-21 17:50:28',''),(85,1,85,'2017-03-21 17:50:29',''),(86,1,86,'2017-03-21 17:50:29',''),(87,1,87,'2017-03-21 17:50:30',''),(88,1,88,'2017-03-21 17:50:30',''),(89,1,89,'2017-03-21 17:50:30',''),(90,1,90,'2017-03-21 17:50:31',''),(91,1,91,'2017-03-21 17:50:31',''),(92,1,92,'2017-03-21 17:50:32',''),(93,1,93,'2017-03-21 17:50:32',''),(94,1,94,'2017-03-21 17:50:32',''),(95,1,95,'2017-03-21 17:50:33',''),(96,1,96,'2017-03-21 17:50:33',''),(97,1,97,'2017-03-21 17:50:34',''),(98,1,98,'2017-03-21 17:50:34',''),(99,1,99,'2017-03-21 17:50:34',''),(100,1,100,'2017-03-21 17:50:35',''),(101,1,101,'2017-03-21 17:50:35',''),(102,1,102,'2017-03-21 17:50:36',''),(103,1,103,'2017-03-21 17:50:36',''),(104,1,104,'2017-03-21 17:50:37',''),(105,1,105,'2017-03-21 17:50:38',''),(106,1,106,'2017-03-21 17:50:38',''),(107,1,107,'2017-03-21 17:50:39',''),(108,1,108,'2017-03-21 17:50:39',''),(109,1,109,'2017-03-21 17:50:39',''),(110,1,110,'2017-03-21 17:50:40',''),(111,1,111,'2017-03-21 17:50:40',''),(112,1,112,'2017-03-21 17:50:41',''),(113,1,113,'2017-03-21 17:50:41',''),(114,1,114,'2017-03-21 17:50:41',''),(115,1,115,'2017-03-21 17:50:42',''),(116,1,116,'2017-03-21 17:50:42',''),(117,1,117,'2017-03-21 17:50:43',''),(118,1,118,'2017-03-21 17:50:43',''),(119,1,119,'2017-03-21 17:50:43',''),(120,1,120,'2017-03-21 17:50:44',''),(121,1,121,'2017-03-21 17:50:44',''),(122,1,122,'2017-03-21 17:50:45',''),(123,1,123,'2017-03-21 17:50:45',''),(124,1,124,'2017-03-21 17:50:46',''),(125,1,125,'2017-03-21 17:50:46',''),(126,1,126,'2017-03-21 17:50:47',''),(127,1,127,'2017-03-21 17:50:47',''),(128,1,128,'2017-03-21 17:50:48',''),(129,1,129,'2017-03-21 17:50:49',''),(130,1,130,'2017-03-21 17:50:49',''),(131,1,131,'2017-03-21 17:50:49',''),(132,1,132,'2017-03-21 17:50:50',''),(133,1,133,'2017-03-21 17:50:50',''),(134,1,134,'2017-03-21 17:50:50',''),(135,1,135,'2017-03-21 17:50:51',''),(136,1,136,'2017-03-21 17:50:51',''),(137,1,137,'2017-03-21 17:50:52',''),(138,1,138,'2017-03-21 17:50:52',''),(139,1,139,'2017-03-21 17:50:53',''),(140,1,140,'2017-03-21 17:50:53',''),(141,1,141,'2017-03-21 17:50:53',''),(142,1,142,'2017-03-21 17:50:54',''),(143,1,143,'2017-03-21 17:50:54',''),(144,1,144,'2017-03-21 17:50:54',''),(145,1,145,'2017-03-21 17:50:55',''),(146,1,146,'2017-03-21 17:50:55',''),(147,1,147,'2017-03-21 17:50:55',''),(148,1,148,'2017-03-21 17:50:56',''),(149,1,149,'2017-03-21 17:50:56',''),(150,1,150,'2017-03-21 17:50:56',''),(151,1,151,'2017-03-21 17:50:57',''),(152,1,152,'2017-03-21 17:50:57',''),(153,1,153,'2017-03-21 17:50:58',''),(154,1,154,'2017-03-21 17:50:58',''),(155,1,155,'2017-03-21 17:50:58',''),(156,1,156,'2017-03-21 17:50:59',''),(157,1,157,'2017-03-21 17:50:59',''),(158,1,158,'2017-03-21 17:50:59',''),(159,1,159,'2017-03-21 17:51:00',''),(160,1,160,'2017-03-21 17:51:00',''),(161,1,161,'2017-03-21 17:51:00',''),(162,1,162,'2017-03-21 17:51:01',''),(163,1,163,'2017-03-21 17:51:01',''),(164,1,164,'2017-03-21 17:51:02',''),(165,1,165,'2017-03-21 17:51:02',''),(166,1,166,'2017-03-21 17:51:02',''),(167,1,167,'2017-03-21 17:51:03',''),(168,1,168,'2017-03-21 17:51:03',''),(169,1,169,'2017-03-21 17:51:04',''),(170,1,170,'2017-03-21 17:51:04',''),(171,1,171,'2017-03-21 17:51:04',''),(172,1,172,'2017-03-21 17:51:05',''),(173,1,173,'2017-03-21 17:51:05',''),(174,1,174,'2017-03-21 17:51:05',''),(175,1,175,'2017-03-21 17:51:06',''),(176,1,176,'2017-03-21 17:51:06',''),(177,1,177,'2017-03-21 17:51:06',''),(178,1,178,'2017-03-21 17:51:07',''),(179,1,179,'2017-03-21 17:51:08',''),(180,1,180,'2017-03-21 17:51:08',''),(181,1,181,'2017-03-21 17:51:09',''),(182,1,182,'2017-03-21 17:51:09',''),(183,1,183,'2017-03-21 17:51:10',''),(184,1,184,'2017-03-21 17:51:10',''),(185,1,185,'2017-03-21 17:51:11',''),(186,1,186,'2017-03-21 17:51:11',''),(187,1,187,'2017-03-21 17:51:11',''),(188,1,188,'2017-03-21 17:51:12',''),(189,1,189,'2017-03-21 17:51:12',''),(190,1,190,'2017-03-21 17:51:12',''),(191,1,191,'2017-03-21 17:51:13',''),(192,1,192,'2017-03-21 17:51:13',''),(193,1,193,'2017-03-21 17:51:14',''),(194,1,194,'2017-03-21 17:51:14',''),(195,1,195,'2017-03-21 17:51:15',''),(196,1,196,'2017-03-21 17:51:15',''),(197,1,197,'2017-03-21 17:51:15',''),(198,1,198,'2017-03-21 17:51:16',''),(199,1,199,'2017-03-21 17:51:16',''),(200,1,200,'2017-03-21 17:51:16','');
/*!40000 ALTER TABLE `aup_acc_record` ENABLE KEYS */;
UNLOCK TABLES;

--
-- Table structure for table `aup_version`
--

DROP TABLE IF EXISTS `aup_version`;
/*!40101 SET @saved_cs_client     = @@character_set_client */;
/*!40101 SET character_set_client = utf8 */;
CREATE TABLE `aup_version` (
  `id` bigint(20) NOT NULL AUTO_INCREMENT,
  `aup_id` bigint(20) NOT NULL,
  `version` varchar(255) NOT NULL,
  `url` varchar(255) DEFAULT NULL,
  `text` varchar(255) DEFAULT NULL,
  `creationTime` datetime NOT NULL,
  `lastForcedReacceptanceTime` datetime DEFAULT NULL,
  `active` bit(1) NOT NULL,
  PRIMARY KEY (`id`),
  UNIQUE KEY `aup_id` (`aup_id`,`version`),
  KEY `fk_aup_version_aup` (`aup_id`),
  CONSTRAINT `fk_aup_version_aup` FOREIGN KEY (`aup_id`) REFERENCES `aup` (`id`) ON DELETE CASCADE
) ENGINE=InnoDB AUTO_INCREMENT=2 DEFAULT CHARSET=latin1;
/*!40101 SET character_set_client = @saved_cs_client */;

--
-- Dumping data for table `aup_version`
--

LOCK TABLES `aup_version` WRITE;
/*!40000 ALTER TABLE `aup_version` DISABLE KEYS */;
INSERT INTO `aup_version` VALUES (1,1,'1.0','file:/etc/voms-admin/test_0/vo-aup.txt',NULL,'2017-03-21 17:47:27',NULL,'');
/*!40000 ALTER TABLE `aup_version` ENABLE KEYS */;
UNLOCK TABLES;

--
-- Table structure for table `ca`
--

DROP TABLE IF EXISTS `ca`;
/*!40101 SET @saved_cs_client     = @@character_set_client */;
/*!40101 SET character_set_client = utf8 */;
CREATE TABLE `ca` (
  `cid` smallint(6) NOT NULL AUTO_INCREMENT,
  `creation_time` datetime NOT NULL,
  `description` varchar(255) DEFAULT NULL,
  `subject_string` varchar(255) NOT NULL,
  PRIMARY KEY (`cid`),
  UNIQUE KEY `subject_string` (`subject_string`)
) ENGINE=InnoDB AUTO_INCREMENT=9 DEFAULT CHARSET=latin1;
/*!40101 SET character_set_client = @saved_cs_client */;

--
-- Dumping data for table `ca`
--

LOCK TABLES `ca` WRITE;
/*!40000 ALTER TABLE `ca` DISABLE KEYS */;
INSERT INTO `ca` VALUES (1,'2017-03-21 17:47:27',NULL,'/C=IT/O=INFN/CN=INFN Certification Authority'),(2,'2017-03-21 17:47:27',NULL,'/C=IT/O=IGI/CN=Test CA 2'),(3,'2017-03-21 17:47:27',NULL,'/C=IT/O=IGI/CN=Test CA'),(4,'2017-03-21 17:47:27',NULL,'/C=IT/O=IGI/CN=Test CA (SHA 256)'),(5,'2017-03-21 17:47:27','A dummy CA for local org.glite.security.voms.admin.persistence.error mainteneance','/O=VOMS/O=System/CN=Dummy Certificate Authority'),(6,'2017-03-21 17:47:27','A virtual CA for VOMS groups.','/O=VOMS/O=System/CN=VOMS Group'),(7,'2017-03-21 17:47:27','A virtual CA for VOMS roles.','/O=VOMS/O=System/CN=VOMS Role'),(8,'2017-03-21 17:47:27','A virtual CA for authz manager attributes','/O=VOMS/O=System/CN=Authorization Manager Attributes');
/*!40000 ALTER TABLE `ca` ENABLE KEYS */;
UNLOCK TABLES;

--
-- Table structure for table `certificate`
--

DROP TABLE IF EXISTS `certificate`;
/*!40101 SET @saved_cs_client     = @@character_set_client */;
/*!40101 SET character_set_client = utf8 */;
CREATE TABLE `certificate` (
  `id` bigint(20) NOT NULL AUTO_INCREMENT,
  `creation_time` datetime NOT NULL,
  `subject_string` varchar(255) NOT NULL,
  `suspended` bit(1) NOT NULL,
  `suspended_reason` varchar(255) DEFAULT NULL,
  `suspension_reason_code` varchar(255) DEFAULT NULL,
  `ca_id` smallint(6) NOT NULL,
  `usr_id` bigint(20) NOT NULL,
  PRIMARY KEY (`id`),
  UNIQUE KEY `ca_id` (`ca_id`,`subject_string`),
  KEY `FK745F4197EE2D4487` (`usr_id`),
  KEY `FK745F419782107F70` (`ca_id`),
  CONSTRAINT `FK745F419782107F70` FOREIGN KEY (`ca_id`) REFERENCES `ca` (`cid`),
  CONSTRAINT `FK745F4197EE2D4487` FOREIGN KEY (`usr_id`) REFERENCES `usr` (`userid`)
) ENGINE=InnoDB AUTO_INCREMENT=201 DEFAULT CHARSET=latin1;
/*!40101 SET character_set_client = @saved_cs_client */;

--
-- Dumping data for table `certificate`
--

LOCK TABLES `certificate` WRITE;
/*!40000 ALTER TABLE `certificate` DISABLE KEYS */;
INSERT INTO `certificate` VALUES (1,'2017-03-21 17:49:50','/C=IT/O=IGI/CN=CONRAD BASSETTE','\0',NULL,NULL,3,1),(2,'2017-03-21 17:49:50','/C=IT/O=IGI/CN=MICHAELA MCPHERREN','\0',NULL,NULL,3,2),(3,'2017-03-21 17:49:51','/C=IT/O=IGI/CN=TINY KABLER','\0',NULL,NULL,3,3),(4,'2017-03-21 17:49:52','/C=IT/O=IGI/CN=HAI JACOBOVITS','\0',NULL,NULL,3,4),(5,'2017-03-21 17:49:52','/C=IT/O=IGI/CN=MCKENZIE DELANG','\0',NULL,NULL,3,5),(6,'2017-03-21 17:49:53','/C=IT/O=IGI/CN=CECILY ANDERTON','\0',NULL,NULL,3,6),(7,'2017-03-21 17:49:53','/C=IT/O=IGI/CN=LATESHA SPINOZA','\0',NULL,NULL,3,7),(8,'2017-03-21 17:49:54','/C=IT/O=IGI/CN=SHAQUANA KONON','\0',NULL,NULL,3,8),(9,'2017-03-21 17:49:55','/C=IT/O=IGI/CN=DANNIE WALSH','\0',NULL,NULL,3,9),(10,'2017-03-21 17:49:55','/C=IT/O=IGI/CN=EUNICE ORLEANS','\0',NULL,NULL,3,10),(11,'2017-03-21 17:49:55','/C=IT/O=IGI/CN=LAHOMA PRESTINO','\0',NULL,NULL,3,11),(12,'2017-03-21 17:49:56','/C=IT/O=IGI/CN=DOREEN BOURDEAU','\0',NULL,NULL,3,12),(13,'2017-03-21 17:49:56','/C=IT/O=IGI/CN=WAI PINKERTON','\0',NULL,NULL,3,13),(14,'2017-03-21 17:49:57','/C=IT/O=IGI/CN=KACY COLLICA','\0',NULL,NULL,3,14),(15,'2017-03-21 17:49:57','/C=IT/O=IGI/CN=ADINA PIERETTI','\0',NULL,NULL,3,15),(16,'2017-03-21 17:49:57','/C=IT/O=IGI/CN=ANTHONY ELNICKI','\0',NULL,NULL,3,16),(17,'2017-03-21 17:49:58','/C=IT/O=IGI/CN=ERIC RADWAN','\0',NULL,NULL,3,17),(18,'2017-03-21 17:49:58','/C=IT/O=IGI/CN=MARX DALMATA','\0',NULL,NULL,3,18),(19,'2017-03-21 17:49:59','/C=IT/O=IGI/CN=MADALINE SHERROD','\0',NULL,NULL,3,19),(20,'2017-03-21 17:49:59','/C=IT/O=IGI/CN=ABEL BURBACK','\0',NULL,NULL,3,20),(21,'2017-03-21 17:50:00','/C=IT/O=IGI/CN=CALLIE NAGINDAS','\0',NULL,NULL,3,21),(22,'2017-03-21 17:50:00','/C=IT/O=IGI/CN=ABE LERWILL','\0',NULL,NULL,3,22),(23,'2017-03-21 17:50:01','/C=IT/O=IGI/CN=LOUIS WHITELIGHTNIN','\0',NULL,NULL,3,23),(24,'2017-03-21 17:50:01','/C=IT/O=IGI/CN=SHAWNNA LANGLINAIS','\0',NULL,NULL,3,24),(25,'2017-03-21 17:50:02','/C=IT/O=IGI/CN=CHAD CAVALIERO','\0',NULL,NULL,3,25),(26,'2017-03-21 17:50:02','/C=IT/O=IGI/CN=LAKEISHA MCMORRIS','\0',NULL,NULL,3,26),(27,'2017-03-21 17:50:03','/C=IT/O=IGI/CN=RODNEY HACHER','\0',NULL,NULL,3,27),(28,'2017-03-21 17:50:03','/C=IT/O=IGI/CN=CARLA DAEHN','\0',NULL,NULL,3,28),(29,'2017-03-21 17:50:04','/C=IT/O=IGI/CN=MARLON KRUPPENBACHER','\0',NULL,NULL,3,29),(30,'2017-03-21 17:50:04','/C=IT/O=IGI/CN=VERTIE STAMER','\0',NULL,NULL,3,30),(31,'2017-03-21 17:50:04','/C=IT/O=IGI/CN=DELLA BARKLOW','\0',NULL,NULL,3,31),(32,'2017-03-21 17:50:05','/C=IT/O=IGI/CN=CECILIA LALL','\0',NULL,NULL,3,32),(33,'2017-03-21 17:50:05','/C=IT/O=IGI/CN=TIERA DOWLIN','\0',NULL,NULL,3,33),(34,'2017-03-21 17:50:05','/C=IT/O=IGI/CN=DETRA TATAR','\0',NULL,NULL,3,34),(35,'2017-03-21 17:50:06','/C=IT/O=IGI/CN=JULES TOTTEN','\0',NULL,NULL,3,35),(36,'2017-03-21 17:50:07','/C=IT/O=IGI/CN=DORTHA HOBDAY','\0',NULL,NULL,3,36),(37,'2017-03-21 17:50:08','/C=IT/O=IGI/CN=BERENICE ORLOWSKY','\0',NULL,NULL,3,37),(38,'2017-03-21 17:50:08','/C=IT/O=IGI/CN=BRITTANEY DENIER','\0',NULL,NULL,3,38),(39,'2017-03-21 17:50:08','/C=IT/O=IGI/CN=ALITA HONTZ','\0',NULL,NULL,3,39),(40,'2017-03-21 17:50:09','/C=IT/O=IGI/CN=FREEMAN KOBIE','\0',NULL,NULL,3,40),(41,'2017-03-21 17:50:09','/C=IT/O=IGI/CN=LEEANNA VOIGT','\0',NULL,NULL,3,41),(42,'2017-03-21 17:50:10','/C=IT/O=IGI/CN=JOSH PAULINA','\0',NULL,NULL,3,42),(43,'2017-03-21 17:50:10','/C=IT/O=IGI/CN=DACIA SHAUB','\0',NULL,NULL,3,43),(44,'2017-03-21 17:50:11','/C=IT/O=IGI/CN=FREDERICK WIRTA','\0',NULL,NULL,3,44),(45,'2017-03-21 17:50:11','/C=IT/O=IGI/CN=TRICIA WIESER','\0',NULL,NULL,3,45),(46,'2017-03-21 17:50:11','/C=IT/O=IGI/CN=ELIN GOSTOMSKI','\0',NULL,NULL,3,46),(47,'2017-03-21 17:50:12','/C=IT/O=IGI/CN=FREDRICK LINNELL','\0',NULL,NULL,3,47),(48,'2017-03-21 17:50:12','/C=IT/O=IGI/CN=LYNN RIGHTMYER','\0',NULL,NULL,3,48),(49,'2017-03-21 17:50:12','/C=IT/O=IGI/CN=SIMA WEST','\0',NULL,NULL,3,49),(50,'2017-03-21 17:50:13','/C=IT/O=IGI/CN=YUKIKO DONOHO','\0',NULL,NULL,3,50),(51,'2017-03-21 17:50:13','/C=IT/O=IGI/CN=LASHONDA WESTHOUSE','\0',NULL,NULL,3,51),(52,'2017-03-21 17:50:14','/C=IT/O=IGI/CN=CARMON PARLOR','\0',NULL,NULL,3,52),(53,'2017-03-21 17:50:14','/C=IT/O=IGI/CN=BESS SWETT','\0',NULL,NULL,3,53),(54,'2017-03-21 17:50:14','/C=IT/O=IGI/CN=JACKSON LEDDON','\0',NULL,NULL,3,54),(55,'2017-03-21 17:50:15','/C=IT/O=IGI/CN=GENNA HANISKO','\0',NULL,NULL,3,55),(56,'2017-03-21 17:50:15','/C=IT/O=IGI/CN=JUDIE WICKINGS','\0',NULL,NULL,3,56),(57,'2017-03-21 17:50:16','/C=IT/O=IGI/CN=KATHLENE SCHNECKLOTH','\0',NULL,NULL,3,57),(58,'2017-03-21 17:50:16','/C=IT/O=IGI/CN=OTIS TOPLK','\0',NULL,NULL,3,58),(59,'2017-03-21 17:50:16','/C=IT/O=IGI/CN=BERNARDO DEISHER','\0',NULL,NULL,3,59),(60,'2017-03-21 17:50:17','/C=IT/O=IGI/CN=LIZ WILCINSKI','\0',NULL,NULL,3,60),(61,'2017-03-21 17:50:17','/C=IT/O=IGI/CN=CHU KURLAND','\0',NULL,NULL,3,61),(62,'2017-03-21 17:50:17','/C=IT/O=IGI/CN=VAL KAUFFMANN','\0',NULL,NULL,3,62),(63,'2017-03-21 17:50:18','/C=IT/O=IGI/CN=JOEY FREIMUTH','\0',NULL,NULL,3,63),(64,'2017-03-21 17:50:18','/C=IT/O=IGI/CN=CHANCE BARRO','\0',NULL,NULL,3,64),(65,'2017-03-21 17:50:19','/C=IT/O=IGI/CN=VI SZWARC','\0',NULL,NULL,3,65),(66,'2017-03-21 17:50:19','/C=IT/O=IGI/CN=CARITA ABT','\0',NULL,NULL,3,66),(67,'2017-03-21 17:50:20','/C=IT/O=IGI/CN=COURTNEY VEIGEL','\0',NULL,NULL,3,67),(68,'2017-03-21 17:50:21','/C=IT/O=IGI/CN=ALDA MANGUS','\0',NULL,NULL,3,68),(69,'2017-03-21 17:50:21','/C=IT/O=IGI/CN=BERTHA MAUFFRAY','\0',NULL,NULL,3,69),(70,'2017-03-21 17:50:22','/C=IT/O=IGI/CN=PAULITA DOSTIE','\0',NULL,NULL,3,70),(71,'2017-03-21 17:50:22','/C=IT/O=IGI/CN=NELLIE BURKHARD','\0',NULL,NULL,3,71),(72,'2017-03-21 17:50:23','/C=IT/O=IGI/CN=XOCHITL FELLEMAN','\0',NULL,NULL,3,72),(73,'2017-03-21 17:50:23','/C=IT/O=IGI/CN=KEN OBRADOVICH','\0',NULL,NULL,3,73),(74,'2017-03-21 17:50:24','/C=IT/O=IGI/CN=WANITA DARRAH','\0',NULL,NULL,3,74),(75,'2017-03-21 17:50:24','/C=IT/O=IGI/CN=WILHELMINA MONARREZ','\0',NULL,NULL,3,75),(76,'2017-03-21 17:50:24','/C=IT/O=IGI/CN=LETA STENBERG','\0',NULL,NULL,3,76),(77,'2017-03-21 17:50:25','/C=IT/O=IGI/CN=BERT DEODATO','\0',NULL,NULL,3,77),(78,'2017-03-21 17:50:25','/C=IT/O=IGI/CN=IRMA LANOIE','\0',NULL,NULL,3,78),(79,'2017-03-21 17:50:26','/C=IT/O=IGI/CN=OTIS FLATTERY','\0',NULL,NULL,3,79),(80,'2017-03-21 17:50:26','/C=IT/O=IGI/CN=NOBUKO LAITE','\0',NULL,NULL,3,80),(81,'2017-03-21 17:50:26','/C=IT/O=IGI/CN=JED CATTS','\0',NULL,NULL,3,81),(82,'2017-03-21 17:50:27','/C=IT/O=IGI/CN=PAUL BOHLER','\0',NULL,NULL,3,82),(83,'2017-03-21 17:50:27','/C=IT/O=IGI/CN=CHANCE SAVEL','\0',NULL,NULL,3,83),(84,'2017-03-21 17:50:28','/C=IT/O=IGI/CN=TIJUANA CABBLE','\0',NULL,NULL,3,84),(85,'2017-03-21 17:50:29','/C=IT/O=IGI/CN=AZZIE TORELLI','\0',NULL,NULL,3,85),(86,'2017-03-21 17:50:29','/C=IT/O=IGI/CN=CARYLON VERSTRAETE','\0',NULL,NULL,3,86),(87,'2017-03-21 17:50:30','/C=IT/O=IGI/CN=WAVA BENKEN','\0',NULL,NULL,3,87),(88,'2017-03-21 17:50:30','/C=IT/O=IGI/CN=VENNIE DOMENICK','\0',NULL,NULL,3,88),(89,'2017-03-21 17:50:30','/C=IT/O=IGI/CN=FREDDA HYTEN','\0',NULL,NULL,3,89),(90,'2017-03-21 17:50:31','/C=IT/O=IGI/CN=HAYDEE BZHYAN','\0',NULL,NULL,3,90),(91,'2017-03-21 17:50:31','/C=IT/O=IGI/CN=ELIJAH BURDELL','\0',NULL,NULL,3,91),(92,'2017-03-21 17:50:32','/C=IT/O=IGI/CN=BETHANIE CASTILLA','\0',NULL,NULL,3,92),(93,'2017-03-21 17:50:32','/C=IT/O=IGI/CN=LESLIE HANCOCK','\0',NULL,NULL,3,93),(94,'2017-03-21 17:50:32','/C=IT/O=IGI/CN=XENIA HAULBROOK','\0',NULL,NULL,3,94),(95,'2017-03-21 17:50:33','/C=IT/O=IGI/CN=YUKO CROMBIE','\0',NULL,NULL,3,95),(96,'2017-03-21 17:50:33','/C=IT/O=IGI/CN=JALEESA HANIFAN','\0',NULL,NULL,3,96),(97,'2017-03-21 17:50:34','/C=IT/O=IGI/CN=KRYSTIN LYBRAND','\0',NULL,NULL,3,97),(98,'2017-03-21 17:50:34','/C=IT/O=IGI/CN=KORY MCPARLAND','\0',NULL,NULL,3,98),(99,'2017-03-21 17:50:34','/C=IT/O=IGI/CN=WAN SAMMON','\0',NULL,NULL,3,99),(100,'2017-03-21 17:50:35','/C=IT/O=IGI/CN=HANH ATCITTY','\0',NULL,NULL,3,100),(101,'2017-03-21 17:50:35','/C=IT/O=IGI/CN=ANGELIC URBINA','\0',NULL,NULL,3,101),(102,'2017-03-21 17:50:36','/C=IT/O=IGI/CN=AUSTIN CARABAJAL','\0',NULL,NULL,3,102),(103,'2017-03-21 17:50:36','/C=IT/O=IGI/CN=INGA DINGFELDER','\0',NULL,NULL,3,103),(104,'2017-03-21 17:50:37','/C=IT/O=IGI/CN=LIVIA ASHBACHER','\0',NULL,NULL,3,104),(105,'2017-03-21 17:50:38','/C=IT/O=IGI/CN=BROOKE LEBEDEFF','\0',NULL,NULL,3,105),(106,'2017-03-21 17:50:38','/C=IT/O=IGI/CN=SUNSHINE BUTTARO','\0',NULL,NULL,3,106),(107,'2017-03-21 17:50:39','/C=IT/O=IGI/CN=TWYLA TIBWELL','\0',NULL,NULL,3,107),(108,'2017-03-21 17:50:39','/C=IT/O=IGI/CN=MILLARD CARAVELLA','\0',NULL,NULL,3,108),(109,'2017-03-21 17:50:39','/C=IT/O=IGI/CN=MARGURITE AYOOB','\0',NULL,NULL,3,109),(110,'2017-03-21 17:50:40','/C=IT/O=IGI/CN=MARIKO TENN','\0',NULL,NULL,3,110),(111,'2017-03-21 17:50:40','/C=IT/O=IGI/CN=JINNY KRUGER','\0',NULL,NULL,3,111),(112,'2017-03-21 17:50:41','/C=IT/O=IGI/CN=RETHA PINCHBECK','\0',NULL,NULL,3,112),(113,'2017-03-21 17:50:41','/C=IT/O=IGI/CN=KIMBERY LOBDELL','\0',NULL,NULL,3,113),(114,'2017-03-21 17:50:41','/C=IT/O=IGI/CN=SHIRELY BORGATTI','\0',NULL,NULL,3,114),(115,'2017-03-21 17:50:42','/C=IT/O=IGI/CN=TODD OKKEN','\0',NULL,NULL,3,115),(116,'2017-03-21 17:50:42','/C=IT/O=IGI/CN=RUPERT MONTALBO','\0',NULL,NULL,3,116),(117,'2017-03-21 17:50:43','/C=IT/O=IGI/CN=JIMMIE ISRAELSEN','\0',NULL,NULL,3,117),(118,'2017-03-21 17:50:43','/C=IT/O=IGI/CN=STEPANIE VOLNER','\0',NULL,NULL,3,118),(119,'2017-03-21 17:50:43','/C=IT/O=IGI/CN=ULRIKE KEMPSON','\0',NULL,NULL,3,119),(120,'2017-03-21 17:50:44','/C=IT/O=IGI/CN=JINA MEGO','\0',NULL,NULL,3,120),(121,'2017-03-21 17:50:44','/C=IT/O=IGI/CN=VANNA JOOS','\0',NULL,NULL,3,121),(122,'2017-03-21 17:50:45','/C=IT/O=IGI/CN=TONA RAROGAL','\0',NULL,NULL,3,122),(123,'2017-03-21 17:50:45','/C=IT/O=IGI/CN=BRYAN HEMERLY','\0',NULL,NULL,3,123),(124,'2017-03-21 17:50:46','/C=IT/O=IGI/CN=ALEEN DARCO','\0',NULL,NULL,3,124),(125,'2017-03-21 17:50:46','/C=IT/O=IGI/CN=MARGUERITE MITCHLER','\0',NULL,NULL,3,125),(126,'2017-03-21 17:50:47','/C=IT/O=IGI/CN=ELLENA BEICHNER','\0',NULL,NULL,3,126),(127,'2017-03-21 17:50:47','/C=IT/O=IGI/CN=PEGGY DATY','\0',NULL,NULL,3,127),(128,'2017-03-21 17:50:48','/C=IT/O=IGI/CN=ELNORA HOMBY','\0',NULL,NULL,3,128),(129,'2017-03-21 17:50:49','/C=IT/O=IGI/CN=DREAMA LUCKENBAUGH','\0',NULL,NULL,3,129),(130,'2017-03-21 17:50:49','/C=IT/O=IGI/CN=HORTENCIA TICA','\0',NULL,NULL,3,130),(131,'2017-03-21 17:50:49','/C=IT/O=IGI/CN=OTTO BEUMER','\0',NULL,NULL,3,131),(132,'2017-03-21 17:50:50','/C=IT/O=IGI/CN=ZACHARY BIHM','\0',NULL,NULL,3,132),(133,'2017-03-21 17:50:50','/C=IT/O=IGI/CN=ANNMARIE MUSILLI','\0',NULL,NULL,3,133),(134,'2017-03-21 17:50:50','/C=IT/O=IGI/CN=SAL LUTGEN','\0',NULL,NULL,3,134),(135,'2017-03-21 17:50:51','/C=IT/O=IGI/CN=DAMON HUMMINGBIRD','\0',NULL,NULL,3,135),(136,'2017-03-21 17:50:51','/C=IT/O=IGI/CN=GRACIE PADIONG','\0',NULL,NULL,3,136),(137,'2017-03-21 17:50:52','/C=IT/O=IGI/CN=MARSHALL PORTEUS','\0',NULL,NULL,3,137),(138,'2017-03-21 17:50:52','/C=IT/O=IGI/CN=ISIDRA CLAP','\0',NULL,NULL,3,138),(139,'2017-03-21 17:50:53','/C=IT/O=IGI/CN=CHUNG PONTONIO','\0',NULL,NULL,3,139),(140,'2017-03-21 17:50:53','/C=IT/O=IGI/CN=CLAUDIA GRAYSON','\0',NULL,NULL,3,140),(141,'2017-03-21 17:50:53','/C=IT/O=IGI/CN=JONELL POWROZNIK','\0',NULL,NULL,3,141),(142,'2017-03-21 17:50:54','/C=IT/O=IGI/CN=KIMBERLEE BRUMMET','\0',NULL,NULL,3,142),(143,'2017-03-21 17:50:54','/C=IT/O=IGI/CN=JEWELL DELSORDO','\0',NULL,NULL,3,143),(144,'2017-03-21 17:50:54','/C=IT/O=IGI/CN=FERMINA WHITNER','\0',NULL,NULL,3,144),(145,'2017-03-21 17:50:55','/C=IT/O=IGI/CN=MARTHA HOLLMANN','\0',NULL,NULL,3,145),(146,'2017-03-21 17:50:55','/C=IT/O=IGI/CN=DEIDRE HINGSTON','\0',NULL,NULL,3,146),(147,'2017-03-21 17:50:55','/C=IT/O=IGI/CN=DEWITT MOHLKE','\0',NULL,NULL,3,147),(148,'2017-03-21 17:50:56','/C=IT/O=IGI/CN=PETRONILA ALSANDOR','\0',NULL,NULL,3,148),(149,'2017-03-21 17:50:56','/C=IT/O=IGI/CN=TERI GRECH','\0',NULL,NULL,3,149),(150,'2017-03-21 17:50:56','/C=IT/O=IGI/CN=CLINT GOLUB','\0',NULL,NULL,3,150),(151,'2017-03-21 17:50:57','/C=IT/O=IGI/CN=TRULA GROTHAUS','\0',NULL,NULL,3,151),(152,'2017-03-21 17:50:57','/C=IT/O=IGI/CN=TORY BURDEX','\0',NULL,NULL,3,152),(153,'2017-03-21 17:50:58','/C=IT/O=IGI/CN=NELLIE RUSCHE','\0',NULL,NULL,3,153),(154,'2017-03-21 17:50:58','/C=IT/O=IGI/CN=BRENDA ROMON','\0',NULL,NULL,3,154),(155,'2017-03-21 17:50:58','/C=IT/O=IGI/CN=WARREN ZURAWIK','\0',NULL,NULL,3,155),(156,'2017-03-21 17:50:59','/C=IT/O=IGI/CN=JANYCE HOLJE','\0',NULL,NULL,3,156),(157,'2017-03-21 17:50:59','/C=IT/O=IGI/CN=LELIA BUSHNER','\0',NULL,NULL,3,157),(158,'2017-03-21 17:50:59','/C=IT/O=IGI/CN=CHESTER DESUE','\0',NULL,NULL,3,158),(159,'2017-03-21 17:51:00','/C=IT/O=IGI/CN=MELLISSA MAKINEN','\0',NULL,NULL,3,159),(160,'2017-03-21 17:51:00','/C=IT/O=IGI/CN=ADRIAN DACHS','\0',NULL,NULL,3,160),(161,'2017-03-21 17:51:00','/C=IT/O=IGI/CN=WAN COSIER','\0',NULL,NULL,3,161),(162,'2017-03-21 17:51:01','/C=IT/O=IGI/CN=DORATHY CARDON','\0',NULL,NULL,3,162),(163,'2017-03-21 17:51:01','/C=IT/O=IGI/CN=GLYNDA STARN','\0',NULL,NULL,3,163),(164,'2017-03-21 17:51:02','/C=IT/O=IGI/CN=MITCHELL CRIMIN','\0',NULL,NULL,3,164),(165,'2017-03-21 17:51:02','/C=IT/O=IGI/CN=KATHERIN GIRLING','\0',NULL,NULL,3,165),(166,'2017-03-21 17:51:02','/C=IT/O=IGI/CN=ELISHA MANSER','\0',NULL,NULL,3,166),(167,'2017-03-21 17:51:03','/C=IT/O=IGI/CN=ARVILLA BERTELS','\0',NULL,NULL,3,167),(168,'2017-03-21 17:51:03','/C=IT/O=IGI/CN=HANNAH TAMMO','\0',NULL,NULL,3,168),(169,'2017-03-21 17:51:04','/C=IT/O=IGI/CN=RUDOLF STETZ','\0',NULL,NULL,3,169),(170,'2017-03-21 17:51:04','/C=IT/O=IGI/CN=CATHARINE PAYWA','\0',NULL,NULL,3,170),(171,'2017-03-21 17:51:04','/C=IT/O=IGI/CN=CATALINA VANHOOSER','\0',NULL,NULL,3,171),(172,'2017-03-21 17:51:05','/C=IT/O=IGI/CN=NICOLLE VAUTOUR','\0',NULL,NULL,3,172),(173,'2017-03-21 17:51:05','/C=IT/O=IGI/CN=ROSELIA ERDMANN','\0',NULL,NULL,3,173),(174,'2017-03-21 17:51:05','/C=IT/O=IGI/CN=SLYVIA BEADNELL','\0',NULL,NULL,3,174),(175,'2017-03-21 17:51:06','/C=IT/O=IGI/CN=SOLEDAD RAZER','\0',NULL,NULL,3,175),(176,'2017-03-21 17:51:06','/C=IT/O=IGI/CN=MICHALE VRABEL','\0',NULL,NULL,3,176),(177,'2017-03-21 17:51:06','/C=IT/O=IGI/CN=RAMIRO VANGUILDER','\0',NULL,NULL,3,177),(178,'2017-03-21 17:51:07','/C=IT/O=IGI/CN=ISA GALLEHER','\0',NULL,NULL,3,178),(179,'2017-03-21 17:51:08','/C=IT/O=IGI/CN=CHRISTENA STALLEY','\0',NULL,NULL,3,179),(180,'2017-03-21 17:51:08','/C=IT/O=IGI/CN=MARILU NABARRETE','\0',NULL,NULL,3,180),(181,'2017-03-21 17:51:09','/C=IT/O=IGI/CN=MYRIAM CRONQUIST','\0',NULL,NULL,3,181),(182,'2017-03-21 17:51:09','/C=IT/O=IGI/CN=VICTOR VANSLYKE','\0',NULL,NULL,3,182),(183,'2017-03-21 17:51:10','/C=IT/O=IGI/CN=JACKELINE BRITT','\0',NULL,NULL,3,183),(184,'2017-03-21 17:51:10','/C=IT/O=IGI/CN=KEVIN SWOPE','\0',NULL,NULL,3,184),(185,'2017-03-21 17:51:11','/C=IT/O=IGI/CN=EMERITA SWICEGOOD','\0',NULL,NULL,3,185),(186,'2017-03-21 17:51:11','/C=IT/O=IGI/CN=FANNIE BUGNI','\0',NULL,NULL,3,186),(187,'2017-03-21 17:51:11','/C=IT/O=IGI/CN=TERESA SKRETOWICZ','\0',NULL,NULL,3,187),(188,'2017-03-21 17:51:12','/C=IT/O=IGI/CN=LASANDRA KHN','\0',NULL,NULL,3,188),(189,'2017-03-21 17:51:12','/C=IT/O=IGI/CN=KARIE MCVINNEY','\0',NULL,NULL,3,189),(190,'2017-03-21 17:51:12','/C=IT/O=IGI/CN=CRYSTLE HASSEL','\0',NULL,NULL,3,190),(191,'2017-03-21 17:51:13','/C=IT/O=IGI/CN=WILLIAN GREAM','\0',NULL,NULL,3,191),(192,'2017-03-21 17:51:13','/C=IT/O=IGI/CN=MILDRED WOJTAS','\0',NULL,NULL,3,192),(193,'2017-03-21 17:51:14','/C=IT/O=IGI/CN=ALISON HUBERTY','\0',NULL,NULL,3,193),(194,'2017-03-21 17:51:14','/C=IT/O=IGI/CN=DELFINA MCGARR','\0',NULL,NULL,3,194),(195,'2017-03-21 17:51:15','/C=IT/O=IGI/CN=CUC PIZZO','\0',NULL,NULL,3,195),(196,'2017-03-21 17:51:15','/C=IT/O=IGI/CN=DAKOTA BILLINGSLY','\0',NULL,NULL,3,196),(197,'2017-03-21 17:51:15','/C=IT/O=IGI/CN=NAM GUEVANA','\0',NULL,NULL,3,197),(198,'2017-03-21 17:51:16','/C=IT/O=IGI/CN=HYE HOGGAN','\0',NULL,NULL,3,198),(199,'2017-03-21 17:51:16','/C=IT/O=IGI/CN=ELFRIEDE BUETI','\0',NULL,NULL,3,199),(200,'2017-03-21 17:51:16','/C=IT/O=IGI/CN=HIRAM LAMPMAN','\0',NULL,NULL,3,200);
/*!40000 ALTER TABLE `certificate` ENABLE KEYS */;
UNLOCK TABLES;

--
-- Table structure for table `certificate_request`
--

DROP TABLE IF EXISTS `certificate_request`;
/*!40101 SET @saved_cs_client     = @@character_set_client */;
/*!40101 SET character_set_client = utf8 */;
CREATE TABLE `certificate_request` (
  `certificate` tinyblob,
  `certificateIssuer` varchar(255) NOT NULL,
  `certificateSubject` varchar(255) NOT NULL,
  `request_id` bigint(20) NOT NULL,
  PRIMARY KEY (`request_id`),
  KEY `FK47CA53E7D75D60A4` (`request_id`),
  CONSTRAINT `FK47CA53E7D75D60A4` FOREIGN KEY (`request_id`) REFERENCES `req` (`request_id`)
) ENGINE=InnoDB DEFAULT CHARSET=latin1;
/*!40101 SET character_set_client = @saved_cs_client */;

--
-- Dumping data for table `certificate_request`
--

LOCK TABLES `certificate_request` WRITE;
/*!40000 ALTER TABLE `certificate_request` DISABLE KEYS */;
/*!40000 ALTER TABLE `certificate_request` ENABLE KEYS */;
UNLOCK TABLES;

--
-- Table structure for table `group_attrs`
--

DROP TABLE IF EXISTS `group_attrs`;
/*!40101 SET @saved_cs_client     = @@character_set_client */;
/*!40101 SET character_set_client = utf8 */;
CREATE TABLE `group_attrs` (
  `a_id` bigint(20) NOT NULL,
  `g_id` bigint(20) NOT NULL,
  `a_value` varchar(255) DEFAULT NULL,
  PRIMARY KEY (`a_id`,`g_id`),
  KEY `FK40B1A2E2DEFC581C` (`g_id`),
  KEY `FK40B1A2E2566C2A8F` (`a_id`),
  CONSTRAINT `FK40B1A2E2566C2A8F` FOREIGN KEY (`a_id`) REFERENCES `attributes` (`a_id`),
  CONSTRAINT `FK40B1A2E2DEFC581C` FOREIGN KEY (`g_id`) REFERENCES `groups` (`gid`) ON DELETE CASCADE
) ENGINE=InnoDB DEFAULT CHARSET=latin1;
/*!40101 SET character_set_client = @saved_cs_client */;

--
-- Dumping data for table `group_attrs`
--

LOCK TABLES `group_attrs` WRITE;
/*!40000 ALTER TABLE `group_attrs` DISABLE KEYS */;
INSERT INTO `group_attrs` VALUES (3,2,'g_1'),(3,3,'g_2'),(3,4,'g_3'),(3,5,'g_4'),(3,6,'g_5'),(3,7,'g_6'),(3,8,'g_7'),(3,9,'g_8'),(3,10,'g_9'),(3,11,'g_10');
/*!40000 ALTER TABLE `group_attrs` ENABLE KEYS */;
UNLOCK TABLES;

--
-- Table structure for table `group_membership_req`
--

DROP TABLE IF EXISTS `group_membership_req`;
/*!40101 SET @saved_cs_client     = @@character_set_client */;
/*!40101 SET character_set_client = utf8 */;
CREATE TABLE `group_membership_req` (
  `groupName` varchar(255) NOT NULL,
  `request_id` bigint(20) NOT NULL,
  PRIMARY KEY (`request_id`),
  KEY `FKBD145E75D75D60A4` (`request_id`),
  CONSTRAINT `FKBD145E75D75D60A4` FOREIGN KEY (`request_id`) REFERENCES `req` (`request_id`)
) ENGINE=InnoDB DEFAULT CHARSET=latin1;
/*!40101 SET character_set_client = @saved_cs_client */;

--
-- Dumping data for table `group_membership_req`
--

LOCK TABLES `group_membership_req` WRITE;
/*!40000 ALTER TABLE `group_membership_req` DISABLE KEYS */;
/*!40000 ALTER TABLE `group_membership_req` ENABLE KEYS */;
UNLOCK TABLES;

--
-- Table structure for table `groups`
--

DROP TABLE IF EXISTS `groups`;
/*!40101 SET @saved_cs_client     = @@character_set_client */;
/*!40101 SET character_set_client = utf8 */;
CREATE TABLE `groups` (
  `gid` bigint(20) NOT NULL AUTO_INCREMENT,
  `dn` varchar(255) NOT NULL,
  `description` varchar(255) DEFAULT NULL,
  `parent` bigint(20) DEFAULT NULL,
  `must` bit(1) NOT NULL,
  `restricted` bit(1) DEFAULT NULL,
  PRIMARY KEY (`gid`),
  UNIQUE KEY `dn` (`dn`),
  KEY `FKB63DD9D4A3771CD3` (`parent`),
  CONSTRAINT `FKB63DD9D4A3771CD3` FOREIGN KEY (`parent`) REFERENCES `groups` (`gid`)
) ENGINE=InnoDB AUTO_INCREMENT=41 DEFAULT CHARSET=latin1;
/*!40101 SET character_set_client = @saved_cs_client */;

--
-- Dumping data for table `groups`
--

LOCK TABLES `groups` WRITE;
/*!40000 ALTER TABLE `groups` DISABLE KEYS */;
INSERT INTO `groups` VALUES (1,'/test_0',NULL,1,'',NULL),(2,'/test_0/g_1',NULL,1,'',NULL),(3,'/test_0/g_2',NULL,1,'',NULL),(4,'/test_0/g_3',NULL,1,'',NULL),(5,'/test_0/g_4',NULL,1,'',NULL),(6,'/test_0/g_5',NULL,1,'',NULL),(7,'/test_0/g_6',NULL,1,'',NULL),(8,'/test_0/g_7',NULL,1,'',NULL),(9,'/test_0/g_8',NULL,1,'',NULL),(10,'/test_0/g_9',NULL,1,'',NULL),(11,'/test_0/g_10',NULL,1,'',NULL),(12,'/test_0/g_11',NULL,1,'',NULL),(13,'/test_0/g_12',NULL,1,'',NULL),(14,'/test_0/g_13',NULL,1,'',NULL),(15,'/test_0/g_14',NULL,1,'',NULL),(16,'/test_0/g_15',NULL,1,'',NULL),(17,'/test_0/g_16',NULL,1,'',NULL),(18,'/test_0/g_17',NULL,1,'',NULL),(19,'/test_0/g_18',NULL,1,'',NULL),(20,'/test_0/g_19',NULL,1,'',NULL),(21,'/test_0/g_20',NULL,1,'',NULL),(22,'/test_0/g_21',NULL,1,'',NULL),(23,'/test_0/g_22',NULL,1,'',NULL),(24,'/test_0/g_23',NULL,1,'',NULL),(25,'/test_0/g_24',NULL,1,'',NULL),(26,'/test_0/g_25',NULL,1,'',NULL),(27,'/test_0/g_26',NULL,1,'',NULL),(28,'/test_0/g_27',NULL,1,'',NULL),(29,'/test_0/g_28',NULL,1,'',NULL),(30,'/test_0/g_29',NULL,1,'',NULL),(31,'/test_0/g_30',NULL,1,'',NULL),(32,'/test_0/g_31',NULL,1,'',NULL),(33,'/test_0/g_32',NULL,1,'',NULL),(34,'/test_0/g_33',NULL,1,'',NULL),(35,'/test_0/g_34',NULL,1,'',NULL),(36,'/test_0/g_35',NULL,1,'',NULL),(37,'/test_0/g_36',NULL,1,'',NULL),(38,'/test_0/g_37',NULL,1,'',NULL),(39,'/test_0/g_38',NULL,1,'',NULL),(40,'/test_0/g_39',NULL,1,'',NULL);
/*!40000 ALTER TABLE `groups` ENABLE KEYS */;
UNLOCK TABLES;

--
-- Table structure for table `m`
--

DROP TABLE IF EXISTS `m`;
/*!40101 SET @saved_cs_client     = @@character_set_client */;
/*!40101 SET character_set_client = utf8 */;
CREATE TABLE `m` (
  `mapping_id` bigint(20) NOT NULL AUTO_INCREMENT,
  `gid` bigint(20) NOT NULL,
  `rid` bigint(20) DEFAULT NULL,
  `userid` bigint(20) NOT NULL,
  PRIMARY KEY (`mapping_id`),
  UNIQUE KEY `gid` (`gid`,`rid`,`userid`),
  KEY `fk_m_groups` (`gid`),
  KEY `fk_m_roles` (`rid`),
  KEY `fk_m_usr` (`userid`),
  CONSTRAINT `fk_m_groups` FOREIGN KEY (`gid`) REFERENCES `groups` (`gid`) ON DELETE CASCADE,
  CONSTRAINT `fk_m_roles` FOREIGN KEY (`rid`) REFERENCES `roles` (`rid`) ON DELETE CASCADE,
  CONSTRAINT `fk_m_usr` FOREIGN KEY (`userid`) REFERENCES `usr` (`userid`)
) ENGINE=InnoDB AUTO_INCREMENT=313 DEFAULT CHARSET=latin1;
/*!40101 SET character_set_client = @saved_cs_client */;

--
-- Dumping data for table `m`
--

LOCK TABLES `m` WRITE;
/*!40000 ALTER TABLE `m` DISABLE KEYS */;
INSERT INTO `m` VALUES (1,1,NULL,1),(2,1,NULL,2),(3,1,NULL,3),(4,1,NULL,4),(5,1,NULL,5),(6,1,NULL,6),(7,1,NULL,7),(8,1,NULL,8),(9,1,NULL,9),(10,1,NULL,10),(11,1,NULL,11),(12,1,NULL,12),(13,1,NULL,13),(14,1,NULL,14),(15,1,NULL,15),(16,1,NULL,16),(17,1,NULL,17),(18,1,NULL,18),(19,1,NULL,19),(20,1,NULL,20),(21,1,NULL,21),(22,1,NULL,22),(23,1,NULL,23),(24,1,NULL,24),(25,1,NULL,25),(26,1,NULL,26),(27,1,NULL,27),(28,1,NULL,28),(29,1,NULL,29),(30,1,NULL,30),(31,1,NULL,31),(32,1,NULL,32),(33,1,NULL,33),(34,1,NULL,34),(35,1,NULL,35),(36,1,NULL,36),(37,1,NULL,37),(38,1,NULL,38),(39,1,NULL,39),(40,1,NULL,40),(41,1,NULL,41),(42,1,NULL,42),(43,1,NULL,43),(44,1,NULL,44),(45,1,NULL,45),(46,1,NULL,46),(47,1,NULL,47),(48,1,NULL,48),(49,1,NULL,49),(50,1,NULL,50),(51,1,NULL,51),(52,1,NULL,52),(53,1,NULL,53),(54,1,NULL,54),(55,1,NULL,55),(56,1,NULL,56),(57,1,NULL,57),(58,1,NULL,58),(59,1,NULL,59),(60,1,NULL,60),(61,1,NULL,61),(62,1,NULL,62),(63,1,NULL,63),(64,1,NULL,64),(65,1,NULL,65),(66,1,NULL,66),(67,1,NULL,67),(68,1,NULL,68),(69,1,NULL,69),(70,1,NULL,70),(71,1,NULL,71),(72,1,NULL,72),(73,1,NULL,73),(74,1,NULL,74),(75,1,NULL,75),(76,1,NULL,76),(77,1,NULL,77),(78,1,NULL,78),(79,1,NULL,79),(80,1,NULL,80),(81,1,NULL,81),(82,1,NULL,82),(83,1,NULL,83),(84,1,NULL,84),(85,1,NULL,85),(86,1,NULL,86),(87,1,NULL,87),(88,1,NULL,88),(89,1,NULL,89),(90,1,NULL,90),(91,1,NULL,91),(92,1,NULL,92),(93,1,NULL,93),(94,1,NULL,94),(95,1,NULL,95),(96,1,NULL,96),(97,1,NULL,97),(98,1,NULL,98),(99,1,NULL,99),(100,1,NULL,100),(101,1,NULL,101),(102,1,NULL,102),(103,1,NULL,103),(104,1,NULL,104),(105,1,NULL,105),(106,1,NULL,106),(107,1,NULL,107),(108,1,NULL,108),(109,1,NULL,109),(110,1,NULL,110),(111,1,NULL,111),(112,1,NULL,112),(113,1,NULL,113),(114,1,NULL,114),(115,1,NULL,115),(116,1,NULL,116),(117,1,NULL,117),(118,1,NULL,118),(119,1,NULL,119),(120,1,NULL,120),(121,1,NULL,121),(122,1,NULL,122),(123,1,NULL,123),(124,1,NULL,124),(125,1,NULL,125),(126,1,NULL,126),(127,1,NULL,127),(128,1,NULL,128),(129,1,NULL,129),(130,1,NULL,130),(131,1,NULL,131),(132,1,NULL,132),(133,1,NULL,133),(134,1,NULL,134),(135,1,NULL,135),(136,1,NULL,136),(137,1,NULL,137),(138,1,NULL,138),(139,1,NULL,139),(140,1,NULL,140),(141,1,NULL,141),(142,1,NULL,142),(143,1,NULL,143),(144,1,NULL,144),(145,1,NULL,145),(146,1,NULL,146),(147,1,NULL,147),(148,1,NULL,148),(149,1,NULL,149),(150,1,NULL,150),(151,1,NULL,151),(152,1,NULL,152),(153,1,NULL,153),(154,1,NULL,154),(155,1,NULL,155),(156,1,NULL,156),(157,1,NULL,157),(158,1,NULL,158),(159,1,NULL,159),(160,1,NULL,160),(161,1,NULL,161),(162,1,NULL,162),(163,1,NULL,163),(164,1,NULL,164),(165,1,NULL,165),(166,1,NULL,166),(167,1,NULL,167),(168,1,NULL,168),(169,1,NULL,169),(170,1,NULL,170),(171,1,NULL,171),(172,1,NULL,172),(173,1,NULL,173),(174,1,NULL,174),(175,1,NULL,175),(176,1,NULL,176),(177,1,NULL,177),(178,1,NULL,178),(179,1,NULL,179),(180,1,NULL,180),(181,1,NULL,181),(182,1,NULL,182),(183,1,NULL,183),(184,1,NULL,184),(185,1,NULL,185),(186,1,NULL,186),(187,1,NULL,187),(188,1,NULL,188),(189,1,NULL,189),(190,1,NULL,190),(191,1,NULL,191),(192,1,NULL,192),(193,1,NULL,193),(194,1,NULL,194),(195,1,NULL,195),(196,1,NULL,196),(197,1,NULL,197),(198,1,NULL,198),(199,1,NULL,199),(200,1,NULL,200),(302,1,1,100),(303,1,1,101),(304,1,1,102),(305,1,1,103),(306,1,1,104),(307,1,1,105),(308,1,1,106),(309,1,1,107),(310,1,1,108),(311,1,1,109),(312,1,1,110),(201,2,NULL,1),(202,2,NULL,2),(203,2,NULL,3),(204,2,NULL,4),(205,2,NULL,5),(206,2,NULL,6),(207,2,NULL,7),(208,2,NULL,8),(209,2,NULL,9),(210,2,NULL,10),(211,2,NULL,11),(212,2,NULL,12),(213,2,NULL,13),(214,2,NULL,14),(215,2,NULL,15),(216,2,NULL,16),(217,2,NULL,17),(218,2,NULL,18),(219,2,NULL,19),(220,2,NULL,20),(221,2,NULL,21),(222,2,NULL,22),(223,2,NULL,23),(224,2,NULL,24),(225,2,NULL,25),(226,2,NULL,26),(227,2,NULL,27),(228,2,NULL,28),(229,2,NULL,29),(230,2,NULL,30),(231,3,NULL,30),(232,3,NULL,31),(233,3,NULL,32),(234,3,NULL,33),(235,3,NULL,34),(236,3,NULL,35),(237,3,NULL,36),(238,3,NULL,37),(239,3,NULL,38),(240,3,NULL,39),(241,3,NULL,40),(242,3,NULL,41),(243,3,NULL,42),(244,3,NULL,43),(245,3,NULL,44),(246,3,NULL,45),(247,3,NULL,46),(248,3,NULL,47),(249,3,NULL,48),(250,3,NULL,49),(251,3,NULL,50),(252,3,NULL,51),(253,3,NULL,52),(254,3,NULL,53),(255,3,NULL,54),(256,3,NULL,55),(257,3,NULL,56),(258,3,NULL,57),(259,3,NULL,58),(260,3,NULL,59),(261,3,NULL,60),(262,3,NULL,61),(263,3,NULL,62),(264,3,NULL,63),(265,3,NULL,64),(266,3,NULL,65),(267,3,NULL,66),(268,3,NULL,67),(269,3,NULL,68),(270,3,NULL,69),(271,3,NULL,70),(272,3,NULL,71),(273,3,NULL,72),(274,3,NULL,73),(275,3,NULL,74),(276,3,NULL,75),(277,3,NULL,76),(278,3,NULL,77),(279,3,NULL,78),(280,3,NULL,79),(281,3,NULL,80),(282,3,NULL,81),(283,3,NULL,82),(284,3,NULL,83),(285,3,NULL,84),(286,3,NULL,85),(287,3,NULL,86),(288,3,NULL,87),(289,3,NULL,88),(290,3,NULL,89),(291,3,NULL,90),(292,3,NULL,91),(293,3,NULL,92),(294,3,NULL,93),(295,3,NULL,94),(296,3,NULL,95),(297,3,NULL,96),(298,3,NULL,97),(299,3,NULL,98),(300,3,NULL,99),(301,3,NULL,100);
/*!40000 ALTER TABLE `m` ENABLE KEYS */;
UNLOCK TABLES;

--
-- Table structure for table `managers`
--

DROP TABLE IF EXISTS `managers`;
/*!40101 SET @saved_cs_client     = @@character_set_client */;
/*!40101 SET character_set_client = utf8 */;
CREATE TABLE `managers` (
  `id` bigint(20) NOT NULL AUTO_INCREMENT,
  `description` varchar(255) NOT NULL,
  `email_address` varchar(255) NOT NULL,
  `name` varchar(255) NOT NULL,
  PRIMARY KEY (`id`),
  UNIQUE KEY `name` (`name`)
) ENGINE=InnoDB DEFAULT CHARSET=latin1;
/*!40101 SET character_set_client = @saved_cs_client */;

--
-- Dumping data for table `managers`
--

LOCK TABLES `managers` WRITE;
/*!40000 ALTER TABLE `managers` DISABLE KEYS */;
/*!40000 ALTER TABLE `managers` ENABLE KEYS */;
UNLOCK TABLES;

--
-- Table structure for table `managers_groups`
--

DROP TABLE IF EXISTS `managers_groups`;
/*!40101 SET @saved_cs_client     = @@character_set_client */;
/*!40101 SET character_set_client = utf8 */;
CREATE TABLE `managers_groups` (
  `manager_id` bigint(20) NOT NULL,
  `group_id` bigint(20) NOT NULL,
  PRIMARY KEY (`manager_id`,`group_id`),
  KEY `FK8F5E11CDFCFA8B04` (`group_id`),
  KEY `FK8F5E11CDABC81A12` (`manager_id`),
  CONSTRAINT `FK8F5E11CDABC81A12` FOREIGN KEY (`manager_id`) REFERENCES `managers` (`id`),
  CONSTRAINT `FK8F5E11CDFCFA8B04` FOREIGN KEY (`group_id`) REFERENCES `groups` (`gid`)
) ENGINE=InnoDB DEFAULT CHARSET=latin1;
/*!40101 SET character_set_client = @saved_cs_client */;

--
-- Dumping data for table `managers_groups`
--

LOCK TABLES `managers_groups` WRITE;
/*!40000 ALTER TABLE `managers_groups` DISABLE KEYS */;
/*!40000 ALTER TABLE `managers_groups` ENABLE KEYS */;
UNLOCK TABLES;

--
-- Table structure for table `membership_rem_req`
--

DROP TABLE IF EXISTS `membership_rem_req`;
/*!40101 SET @saved_cs_client     = @@character_set_client */;
/*!40101 SET character_set_client = utf8 */;
CREATE TABLE `membership_rem_req` (
  `reason` varchar(255) NOT NULL,
  `request_id` bigint(20) NOT NULL,
  PRIMARY KEY (`request_id`),
  KEY `FK1877BC10D75D60A4` (`request_id`),
  CONSTRAINT `FK1877BC10D75D60A4` FOREIGN KEY (`request_id`) REFERENCES `req` (`request_id`)
) ENGINE=InnoDB DEFAULT CHARSET=latin1;
/*!40101 SET character_set_client = @saved_cs_client */;

--
-- Dumping data for table `membership_rem_req`
--

LOCK TABLES `membership_rem_req` WRITE;
/*!40000 ALTER TABLE `membership_rem_req` DISABLE KEYS */;
/*!40000 ALTER TABLE `membership_rem_req` ENABLE KEYS */;
UNLOCK TABLES;

--
-- Table structure for table `periodic_notifications`
--

DROP TABLE IF EXISTS `periodic_notifications`;
/*!40101 SET @saved_cs_client     = @@character_set_client */;
/*!40101 SET character_set_client = utf8 */;
CREATE TABLE `periodic_notifications` (
  `id` bigint(20) NOT NULL AUTO_INCREMENT,
  `lastNotificationTime` datetime NOT NULL,
  `notificationType` varchar(255) NOT NULL,
  PRIMARY KEY (`id`),
  UNIQUE KEY `notificationType` (`notificationType`)
) ENGINE=InnoDB DEFAULT CHARSET=latin1;
/*!40101 SET character_set_client = @saved_cs_client */;

--
-- Dumping data for table `periodic_notifications`
--

LOCK TABLES `periodic_notifications` WRITE;
/*!40000 ALTER TABLE `periodic_notifications` DISABLE KEYS */;
/*!40000 ALTER TABLE `periodic_notifications` ENABLE KEYS */;
UNLOCK TABLES;

--
-- Table structure for table `personal_info`
--

DROP TABLE IF EXISTS `personal_info`;
/*!40101 SET @saved_cs_client     = @@character_set_client */;
/*!40101 SET character_set_client = utf8 */;
CREATE TABLE `personal_info` (
  `id` bigint(20) NOT NULL AUTO_INCREMENT,
  `value` varchar(255) DEFAULT NULL,
  `visible` bit(1) DEFAULT NULL,
  `personal_info_type_id` bigint(20) NOT NULL,
  PRIMARY KEY (`id`),
  KEY `FK229FDF4DA8D3C6BC` (`personal_info_type_id`),
  CONSTRAINT `FK229FDF4DA8D3C6BC` FOREIGN KEY (`personal_info_type_id`) REFERENCES `personal_info_type` (`id`)
) ENGINE=InnoDB DEFAULT CHARSET=latin1;
/*!40101 SET character_set_client = @saved_cs_client */;

--
-- Dumping data for table `personal_info`
--

LOCK TABLES `personal_info` WRITE;
/*!40000 ALTER TABLE `personal_info` DISABLE KEYS */;
/*!40000 ALTER TABLE `personal_info` ENABLE KEYS */;
UNLOCK TABLES;

--
-- Table structure for table `personal_info_type`
--

DROP TABLE IF EXISTS `personal_info_type`;
/*!40101 SET @saved_cs_client     = @@character_set_client */;
/*!40101 SET character_set_client = utf8 */;
CREATE TABLE `personal_info_type` (
  `id` bigint(20) NOT NULL AUTO_INCREMENT,
  `description` varchar(255) DEFAULT NULL,
  `type` varchar(255) NOT NULL,
  PRIMARY KEY (`id`),
  UNIQUE KEY `type` (`type`)
) ENGINE=InnoDB DEFAULT CHARSET=latin1;
/*!40101 SET character_set_client = @saved_cs_client */;

--
-- Dumping data for table `personal_info_type`
--

LOCK TABLES `personal_info_type` WRITE;
/*!40000 ALTER TABLE `personal_info_type` DISABLE KEYS */;
/*!40000 ALTER TABLE `personal_info_type` ENABLE KEYS */;
UNLOCK TABLES;

--
-- Table structure for table `req`
--

DROP TABLE IF EXISTS `req`;
/*!40101 SET @saved_cs_client     = @@character_set_client */;
/*!40101 SET character_set_client = utf8 */;
CREATE TABLE `req` (
  `request_id` bigint(20) NOT NULL AUTO_INCREMENT,
  `approver_ca` varchar(255) DEFAULT NULL,
  `approver_dn` varchar(255) DEFAULT NULL,
  `completionDate` datetime DEFAULT NULL,
  `creationDate` datetime DEFAULT NULL,
  `expirationDate` datetime DEFAULT NULL,
  `status` varchar(255) NOT NULL,
  `requester_info_id` bigint(20) NOT NULL,
  PRIMARY KEY (`request_id`),
  UNIQUE KEY `requester_info_id` (`requester_info_id`),
  KEY `FK1B89EC37E889D` (`requester_info_id`),
  CONSTRAINT `FK1B89EC37E889D` FOREIGN KEY (`requester_info_id`) REFERENCES `requester_info` (`id`)
) ENGINE=InnoDB DEFAULT CHARSET=latin1;
/*!40101 SET character_set_client = @saved_cs_client */;

--
-- Dumping data for table `req`
--

LOCK TABLES `req` WRITE;
/*!40000 ALTER TABLE `req` DISABLE KEYS */;
/*!40000 ALTER TABLE `req` ENABLE KEYS */;
UNLOCK TABLES;

--
-- Table structure for table `requester_info`
--

DROP TABLE IF EXISTS `requester_info`;
/*!40101 SET @saved_cs_client     = @@character_set_client */;
/*!40101 SET character_set_client = utf8 */;
CREATE TABLE `requester_info` (
  `id` bigint(20) NOT NULL AUTO_INCREMENT,
  `address` varchar(255) DEFAULT NULL,
  `certificateIssuer` varchar(255) NOT NULL,
  `certificateSubject` varchar(255) NOT NULL,
  `emailAddress` varchar(255) NOT NULL,
  `institution` varchar(255) DEFAULT NULL,
  `name` varchar(255) DEFAULT NULL,
  `phoneNumber` varchar(255) DEFAULT NULL,
  `surname` varchar(255) DEFAULT NULL,
  `voMember` bit(1) DEFAULT NULL,
  PRIMARY KEY (`id`)
) ENGINE=InnoDB DEFAULT CHARSET=latin1;
/*!40101 SET character_set_client = @saved_cs_client */;

--
-- Dumping data for table `requester_info`
--

LOCK TABLES `requester_info` WRITE;
/*!40000 ALTER TABLE `requester_info` DISABLE KEYS */;
/*!40000 ALTER TABLE `requester_info` ENABLE KEYS */;
UNLOCK TABLES;

--
-- Table structure for table `requester_personal_info`
--

DROP TABLE IF EXISTS `requester_personal_info`;
/*!40101 SET @saved_cs_client     = @@character_set_client */;
/*!40101 SET character_set_client = utf8 */;
CREATE TABLE `requester_personal_info` (
  `requester_id` bigint(20) NOT NULL,
  `pi_value` varchar(255) DEFAULT NULL,
  `pi_key` varchar(255) NOT NULL,
  PRIMARY KEY (`requester_id`,`pi_key`),
  KEY `FK7E3D7FCAD500B8D2` (`requester_id`),
  CONSTRAINT `FK7E3D7FCAD500B8D2` FOREIGN KEY (`requester_id`) REFERENCES `requester_info` (`id`)
) ENGINE=InnoDB DEFAULT CHARSET=latin1;
/*!40101 SET character_set_client = @saved_cs_client */;

--
-- Dumping data for table `requester_personal_info`
--

LOCK TABLES `requester_personal_info` WRITE;
/*!40000 ALTER TABLE `requester_personal_info` DISABLE KEYS */;
/*!40000 ALTER TABLE `requester_personal_info` ENABLE KEYS */;
UNLOCK TABLES;

--
-- Table structure for table `role_attrs`
--

DROP TABLE IF EXISTS `role_attrs`;
/*!40101 SET @saved_cs_client     = @@character_set_client */;
/*!40101 SET character_set_client = utf8 */;
CREATE TABLE `role_attrs` (
  `a_id` bigint(20) NOT NULL,
  `g_id` bigint(20) NOT NULL,
  `r_id` bigint(20) NOT NULL,
  `a_value` varchar(255) DEFAULT NULL,
  PRIMARY KEY (`a_id`,`g_id`,`r_id`),
  KEY `FK6BDE9799DEFC581C` (`g_id`),
  KEY `FK6BDE9799566C2A8F` (`a_id`),
  KEY `FK6BDE979920304994` (`r_id`),
  CONSTRAINT `FK6BDE979920304994` FOREIGN KEY (`r_id`) REFERENCES `roles` (`rid`) ON DELETE CASCADE,
  CONSTRAINT `FK6BDE9799566C2A8F` FOREIGN KEY (`a_id`) REFERENCES `attributes` (`a_id`),
  CONSTRAINT `FK6BDE9799DEFC581C` FOREIGN KEY (`g_id`) REFERENCES `groups` (`gid`)
) ENGINE=InnoDB DEFAULT CHARSET=latin1;
/*!40101 SET character_set_client = @saved_cs_client */;

--
-- Dumping data for table `role_attrs`
--

LOCK TABLES `role_attrs` WRITE;
/*!40000 ALTER TABLE `role_attrs` DISABLE KEYS */;
INSERT INTO `role_attrs` VALUES (2,2,1,'g_1 in VO-Admin'),(2,3,1,'g_2 in VO-Admin'),(2,4,1,'g_3 in VO-Admin'),(2,5,1,'g_4 in VO-Admin'),(2,6,1,'g_5 in VO-Admin'),(2,7,1,'g_6 in VO-Admin'),(2,8,1,'g_7 in VO-Admin'),(2,9,1,'g_8 in VO-Admin'),(2,10,1,'g_9 in VO-Admin'),(2,11,1,'g_10 in VO-Admin');
/*!40000 ALTER TABLE `role_attrs` ENABLE KEYS */;
UNLOCK TABLES;

--
-- Table structure for table `role_membership_req`
--

DROP TABLE IF EXISTS `role_membership_req`;
/*!40101 SET @saved_cs_client     = @@character_set_client */;
/*!40101 SET character_set_client = utf8 */;
CREATE TABLE `role_membership_req` (
  `groupName` varchar(255) DEFAULT NULL,
  `roleName` varchar(255) DEFAULT NULL,
  `request_id` bigint(20) NOT NULL,
  PRIMARY KEY (`request_id`),
  KEY `FK3B9C79ED75D60A4` (`request_id`),
  CONSTRAINT `FK3B9C79ED75D60A4` FOREIGN KEY (`request_id`) REFERENCES `req` (`request_id`)
) ENGINE=InnoDB DEFAULT CHARSET=latin1;
/*!40101 SET character_set_client = @saved_cs_client */;

--
-- Dumping data for table `role_membership_req`
--

LOCK TABLES `role_membership_req` WRITE;
/*!40000 ALTER TABLE `role_membership_req` DISABLE KEYS */;
/*!40000 ALTER TABLE `role_membership_req` ENABLE KEYS */;
UNLOCK TABLES;

--
-- Table structure for table `roles`
--

DROP TABLE IF EXISTS `roles`;
/*!40101 SET @saved_cs_client     = @@character_set_client */;
/*!40101 SET character_set_client = utf8 */;
CREATE TABLE `roles` (
  `rid` bigint(20) NOT NULL AUTO_INCREMENT,
  `role` varchar(255) NOT NULL,
  PRIMARY KEY (`rid`),
  UNIQUE KEY `role` (`role`)
) ENGINE=InnoDB AUTO_INCREMENT=11 DEFAULT CHARSET=latin1;
/*!40101 SET character_set_client = @saved_cs_client */;

--
-- Dumping data for table `roles`
--

LOCK TABLES `roles` WRITE;
/*!40000 ALTER TABLE `roles` DISABLE KEYS */;
INSERT INTO `roles` VALUES (2,'r_1'),(3,'r_2'),(4,'r_3'),(5,'r_4'),(6,'r_5'),(7,'r_6'),(8,'r_7'),(9,'r_8'),(10,'r_9'),(1,'VO-Admin');
/*!40000 ALTER TABLE `roles` ENABLE KEYS */;
UNLOCK TABLES;

--
-- Table structure for table `sign_aup_task`
--

DROP TABLE IF EXISTS `sign_aup_task`;
/*!40101 SET @saved_cs_client     = @@character_set_client */;
/*!40101 SET character_set_client = utf8 */;
CREATE TABLE `sign_aup_task` (
  `task_id` bigint(20) NOT NULL,
  `aup_id` bigint(20) NOT NULL,
  PRIMARY KEY (`task_id`),
  KEY `FK7FCB416ADA1C6363` (`aup_id`),
  KEY `FK7FCB416A32B8C70C` (`task_id`),
  CONSTRAINT `FK7FCB416A32B8C70C` FOREIGN KEY (`task_id`) REFERENCES `task` (`task_id`),
  CONSTRAINT `FK7FCB416ADA1C6363` FOREIGN KEY (`aup_id`) REFERENCES `aup` (`id`)
) ENGINE=InnoDB DEFAULT CHARSET=latin1;
/*!40101 SET character_set_client = @saved_cs_client */;

--
-- Dumping data for table `sign_aup_task`
--

LOCK TABLES `sign_aup_task` WRITE;
/*!40000 ALTER TABLE `sign_aup_task` DISABLE KEYS */;
/*!40000 ALTER TABLE `sign_aup_task` ENABLE KEYS */;
UNLOCK TABLES;

--
-- Table structure for table `task`
--

DROP TABLE IF EXISTS `task`;
/*!40101 SET @saved_cs_client     = @@character_set_client */;
/*!40101 SET character_set_client = utf8 */;
CREATE TABLE `task` (
  `task_id` bigint(20) NOT NULL AUTO_INCREMENT,
  `completionDate` datetime DEFAULT NULL,
  `creationDate` datetime DEFAULT NULL,
  `expiryDate` datetime DEFAULT NULL,
  `status` varchar(255) NOT NULL,
  `admin_id` bigint(20) DEFAULT NULL,
  `task_type_id` bigint(20) NOT NULL,
  `usr_id` bigint(20) DEFAULT NULL,
  PRIMARY KEY (`task_id`),
  KEY `FK3635859AD54C57` (`task_type_id`),
  KEY `FK363585EE2D4487` (`usr_id`),
  KEY `FK363585A4AD9904` (`admin_id`),
  CONSTRAINT `FK3635859AD54C57` FOREIGN KEY (`task_type_id`) REFERENCES `task_type` (`id`),
  CONSTRAINT `FK363585A4AD9904` FOREIGN KEY (`admin_id`) REFERENCES `admins` (`adminid`),
  CONSTRAINT `FK363585EE2D4487` FOREIGN KEY (`usr_id`) REFERENCES `usr` (`userid`)
) ENGINE=InnoDB DEFAULT CHARSET=latin1;
/*!40101 SET character_set_client = @saved_cs_client */;

--
-- Dumping data for table `task`
--

LOCK TABLES `task` WRITE;
/*!40000 ALTER TABLE `task` DISABLE KEYS */;
/*!40000 ALTER TABLE `task` ENABLE KEYS */;
UNLOCK TABLES;

--
-- Table structure for table `task_log_record`
--

DROP TABLE IF EXISTS `task_log_record`;
/*!40101 SET @saved_cs_client     = @@character_set_client */;
/*!40101 SET character_set_client = utf8 */;
CREATE TABLE `task_log_record` (
  `id` bigint(20) NOT NULL AUTO_INCREMENT,
  `adminDn` varchar(255) DEFAULT NULL,
  `creation_time` datetime NOT NULL,
  `event` varchar(255) NOT NULL,
  `userDn` varchar(255) DEFAULT NULL,
  `task_id` bigint(20) NOT NULL,
  PRIMARY KEY (`id`),
  KEY `FK77673CA632B8C70C` (`task_id`),
  CONSTRAINT `FK77673CA632B8C70C` FOREIGN KEY (`task_id`) REFERENCES `task` (`task_id`)
) ENGINE=InnoDB DEFAULT CHARSET=latin1;
/*!40101 SET character_set_client = @saved_cs_client */;

--
-- Dumping data for table `task_log_record`
--

LOCK TABLES `task_log_record` WRITE;
/*!40000 ALTER TABLE `task_log_record` DISABLE KEYS */;
/*!40000 ALTER TABLE `task_log_record` ENABLE KEYS */;
UNLOCK TABLES;

--
-- Table structure for table `task_type`
--

DROP TABLE IF EXISTS `task_type`;
/*!40101 SET @saved_cs_client     = @@character_set_client */;
/*!40101 SET character_set_client = utf8 */;
CREATE TABLE `task_type` (
  `id` bigint(20) NOT NULL AUTO_INCREMENT,
  `description` varchar(255) DEFAULT NULL,
  `name` varchar(255) NOT NULL,
  PRIMARY KEY (`id`),
  UNIQUE KEY `name` (`name`)
) ENGINE=InnoDB AUTO_INCREMENT=3 DEFAULT CHARSET=latin1;
/*!40101 SET character_set_client = @saved_cs_client */;

--
-- Dumping data for table `task_type`
--

LOCK TABLES `task_type` WRITE;
/*!40000 ALTER TABLE `task_type` DISABLE KEYS */;
INSERT INTO `task_type` VALUES (1,'Tasks of this type are assigned to users that need to sign, or resign an AUP.','SignAUPTask'),(2,'Tasks of this type are assigned to VO admins that need to approve users\' requests.','ApproveUserRequestTask');
/*!40000 ALTER TABLE `task_type` ENABLE KEYS */;
UNLOCK TABLES;

--
-- Table structure for table `user_request_task`
--

DROP TABLE IF EXISTS `user_request_task`;
/*!40101 SET @saved_cs_client     = @@character_set_client */;
/*!40101 SET character_set_client = utf8 */;
CREATE TABLE `user_request_task` (
  `task_id` bigint(20) NOT NULL,
  `req_id` bigint(20) NOT NULL,
  PRIMARY KEY (`task_id`),
  KEY `FKACB7D299D73AC35` (`req_id`),
  KEY `FKACB7D2932B8C70C` (`task_id`),
  CONSTRAINT `FKACB7D2932B8C70C` FOREIGN KEY (`task_id`) REFERENCES `task` (`task_id`),
  CONSTRAINT `FKACB7D299D73AC35` FOREIGN KEY (`req_id`) REFERENCES `req` (`request_id`)
) ENGINE=InnoDB DEFAULT CHARSET=latin1;
/*!40101 SET character_set_client = @saved_cs_client */;

--
-- Dumping data for table `user_request_task`
--

LOCK TABLES `user_request_task` WRITE;
/*!40000 ALTER TABLE `user_request_task` DISABLE KEYS */;
/*!40000 ALTER TABLE `user_request_task` ENABLE KEYS */;
UNLOCK TABLES;

--
-- Table structure for table `usr`
--

DROP TABLE IF EXISTS `usr`;
/*!40101 SET @saved_cs_client     = @@character_set_client */;
/*!40101 SET character_set_client = utf8 */;
CREATE TABLE `usr` (
  `userid` bigint(20) NOT NULL AUTO_INCREMENT,
  `address` varchar(255) DEFAULT NULL,
  `creation_time` datetime NOT NULL,
  `dn` varchar(255) DEFAULT NULL,
  `email_address` varchar(255) NOT NULL,
  `end_time` datetime NOT NULL,
  `institution` varchar(255) DEFAULT NULL,
  `name` varchar(255) DEFAULT NULL,
  `phone_number` varchar(255) DEFAULT NULL,
  `surname` varchar(255) DEFAULT NULL,
  `suspended` bit(1) DEFAULT NULL,
  `suspension_reason` varchar(255) DEFAULT NULL,
  `suspension_reason_code` varchar(255) DEFAULT NULL,
  `ca` smallint(6) DEFAULT NULL,
  PRIMARY KEY (`userid`),
  KEY `FK1C5947C6FEB32` (`ca`),
  CONSTRAINT `FK1C5947C6FEB32` FOREIGN KEY (`ca`) REFERENCES `ca` (`cid`)
) ENGINE=InnoDB AUTO_INCREMENT=201 DEFAULT CHARSET=latin1;
/*!40101 SET character_set_client = @saved_cs_client */;

--
-- Dumping data for table `usr`
--

LOCK TABLES `usr` WRITE;
/*!40000 ALTER TABLE `usr` DISABLE KEYS */;
INSERT INTO `usr` VALUES (1,'(some address)','2017-03-21 17:49:50','/C=IT/O=IGI/CN=CONRAD BASSETTE','CONRAD.BASSETTE.1@voms.test.io','2018-03-21 17:49:50','CNAF - Italian National Center for Research and Development (CNAF)','CONRAD',NULL,'BASSETTE','\0',NULL,NULL,NULL),(2,'(some address)','2017-03-21 17:49:50','/C=IT/O=IGI/CN=MICHAELA MCPHERREN','MICHAELA.MCPHERREN.2@voms.test.io','2018-03-21 17:49:50','CNAF - Italian National Center for Research and Development (CNAF)','MICHAELA',NULL,'MCPHERREN','\0',NULL,NULL,NULL),(3,'(some address)','2017-03-21 17:49:51','/C=IT/O=IGI/CN=TINY KABLER','TINY.KABLER.3@voms.test.io','2018-03-21 17:49:51','CNAF - Italian National Center for Research and Development (CNAF)','TINY',NULL,'KABLER','\0',NULL,NULL,NULL),(4,'(some address)','2017-03-21 17:49:52','/C=IT/O=IGI/CN=HAI JACOBOVITS','HAI.JACOBOVITS.4@voms.test.io','2018-03-21 17:49:52','CNAF - Italian National Center for Research and Development (CNAF)','HAI',NULL,'JACOBOVITS','\0',NULL,NULL,NULL),(5,'(some address)','2017-03-21 17:49:52','/C=IT/O=IGI/CN=MCKENZIE DELANG','MCKENZIE.DELANG.5@voms.test.io','2018-03-21 17:49:52','CNAF - Italian National Center for Research and Development (CNAF)','MCKENZIE',NULL,'DELANG','\0',NULL,NULL,NULL),(6,'(some address)','2017-03-21 17:49:53','/C=IT/O=IGI/CN=CECILY ANDERTON','CECILY.ANDERTON.6@voms.test.io','2018-03-21 17:49:53','CNAF - Italian National Center for Research and Development (CNAF)','CECILY',NULL,'ANDERTON','\0',NULL,NULL,NULL),(7,'(some address)','2017-03-21 17:49:53','/C=IT/O=IGI/CN=LATESHA SPINOZA','LATESHA.SPINOZA.7@voms.test.io','2018-03-21 17:49:53','CNAF - Italian National Center for Research and Development (CNAF)','LATESHA',NULL,'SPINOZA','\0',NULL,NULL,NULL),(8,'(some address)','2017-03-21 17:49:54','/C=IT/O=IGI/CN=SHAQUANA KONON','SHAQUANA.KONON.8@voms.test.io','2018-03-21 17:49:54','CNAF - Italian National Center for Research and Development (CNAF)','SHAQUANA',NULL,'KONON','\0',NULL,NULL,NULL),(9,'(some address)','2017-03-21 17:49:55','/C=IT/O=IGI/CN=DANNIE WALSH','DANNIE.WALSH.9@voms.test.io','2018-03-21 17:49:55','CNAF - Italian National Center for Research and Development (CNAF)','DANNIE',NULL,'WALSH','\0',NULL,NULL,NULL),(10,'(some address)','2017-03-21 17:49:55','/C=IT/O=IGI/CN=EUNICE ORLEANS','EUNICE.ORLEANS.10@voms.test.io','2018-03-21 17:49:55','CNAF - Italian National Center for Research and Development (CNAF)','EUNICE',NULL,'ORLEANS','\0',NULL,NULL,NULL),(11,'(some address)','2017-03-21 17:49:55','/C=IT/O=IGI/CN=LAHOMA PRESTINO','LAHOMA.PRESTINO.11@voms.test.io','2018-03-21 17:49:55','CNAF - Italian National Center for Research and Development (CNAF)','LAHOMA',NULL,'PRESTINO','\0',NULL,NULL,NULL),(12,'(some address)','2017-03-21 17:49:56','/C=IT/O=IGI/CN=DOREEN BOURDEAU','DOREEN.BOURDEAU.12@voms.test.io','2018-03-21 17:49:56','CNAF - Italian National Center for Research and Development (CNAF)','DOREEN',NULL,'BOURDEAU','\0',NULL,NULL,NULL),(13,'(some address)','2017-03-21 17:49:56','/C=IT/O=IGI/CN=WAI PINKERTON','WAI.PINKERTON.13@voms.test.io','2018-03-21 17:49:56','CNAF - Italian National Center for Research and Development (CNAF)','WAI',NULL,'PINKERTON','\0',NULL,NULL,NULL),(14,'(some address)','2017-03-21 17:49:57','/C=IT/O=IGI/CN=KACY COLLICA','KACY.COLLICA.14@voms.test.io','2018-03-21 17:49:57','CNAF - Italian National Center for Research and Development (CNAF)','KACY',NULL,'COLLICA','\0',NULL,NULL,NULL),(15,'(some address)','2017-03-21 17:49:57','/C=IT/O=IGI/CN=ADINA PIERETTI','ADINA.PIERETTI.15@voms.test.io','2018-03-21 17:49:57','CNAF - Italian National Center for Research and Development (CNAF)','ADINA',NULL,'PIERETTI','\0',NULL,NULL,NULL),(16,'(some address)','2017-03-21 17:49:57','/C=IT/O=IGI/CN=ANTHONY ELNICKI','ANTHONY.ELNICKI.16@voms.test.io','2018-03-21 17:49:57','CNAF - Italian National Center for Research and Development (CNAF)','ANTHONY',NULL,'ELNICKI','\0',NULL,NULL,NULL),(17,'(some address)','2017-03-21 17:49:58','/C=IT/O=IGI/CN=ERIC RADWAN','ERIC.RADWAN.17@voms.test.io','2018-03-21 17:49:58','CNAF - Italian National Center for Research and Development (CNAF)','ERIC',NULL,'RADWAN','\0',NULL,NULL,NULL),(18,'(some address)','2017-03-21 17:49:58','/C=IT/O=IGI/CN=MARX DALMATA','MARX.DALMATA.18@voms.test.io','2018-03-21 17:49:58','CNAF - Italian National Center for Research and Development (CNAF)','MARX',NULL,'DALMATA','\0',NULL,NULL,NULL),(19,'(some address)','2017-03-21 17:49:59','/C=IT/O=IGI/CN=MADALINE SHERROD','MADALINE.SHERROD.19@voms.test.io','2018-03-21 17:49:59','CNAF - Italian National Center for Research and Development (CNAF)','MADALINE',NULL,'SHERROD','\0',NULL,NULL,NULL),(20,'(some address)','2017-03-21 17:49:59','/C=IT/O=IGI/CN=ABEL BURBACK','ABEL.BURBACK.20@voms.test.io','2018-03-21 17:49:59','CNAF - Italian National Center for Research and Development (CNAF)','ABEL',NULL,'BURBACK','\0',NULL,NULL,NULL),(21,'(some address)','2017-03-21 17:50:00','/C=IT/O=IGI/CN=CALLIE NAGINDAS','CALLIE.NAGINDAS.21@voms.test.io','2018-03-21 17:50:00','CNAF - Italian National Center for Research and Development (CNAF)','CALLIE',NULL,'NAGINDAS','\0',NULL,NULL,NULL),(22,'(some address)','2017-03-21 17:50:00','/C=IT/O=IGI/CN=ABE LERWILL','ABE.LERWILL.22@voms.test.io','2018-03-21 17:50:00','CNAF - Italian National Center for Research and Development (CNAF)','ABE',NULL,'LERWILL','\0',NULL,NULL,NULL),(23,'(some address)','2017-03-21 17:50:01','/C=IT/O=IGI/CN=LOUIS WHITELIGHTNIN','LOUIS.WHITELIGHTNIN.23@voms.test.io','2018-03-21 17:50:01','CNAF - Italian National Center for Research and Development (CNAF)','LOUIS',NULL,'WHITELIGHTNIN','\0',NULL,NULL,NULL),(24,'(some address)','2017-03-21 17:50:01','/C=IT/O=IGI/CN=SHAWNNA LANGLINAIS','SHAWNNA.LANGLINAIS.24@voms.test.io','2018-03-21 17:50:01','CNAF - Italian National Center for Research and Development (CNAF)','SHAWNNA',NULL,'LANGLINAIS','\0',NULL,NULL,NULL),(25,'(some address)','2017-03-21 17:50:02','/C=IT/O=IGI/CN=CHAD CAVALIERO','CHAD.CAVALIERO.25@voms.test.io','2018-03-21 17:50:02','CNAF - Italian National Center for Research and Development (CNAF)','CHAD',NULL,'CAVALIERO','\0',NULL,NULL,NULL),(26,'(some address)','2017-03-21 17:50:02','/C=IT/O=IGI/CN=LAKEISHA MCMORRIS','LAKEISHA.MCMORRIS.26@voms.test.io','2018-03-21 17:50:02','CNAF - Italian National Center for Research and Development (CNAF)','LAKEISHA',NULL,'MCMORRIS','\0',NULL,NULL,NULL),(27,'(some address)','2017-03-21 17:50:03','/C=IT/O=IGI/CN=RODNEY HACHER','RODNEY.HACHER.27@voms.test.io','2018-03-21 17:50:03','CNAF - Italian National Center for Research and Development (CNAF)','RODNEY',NULL,'HACHER','\0',NULL,NULL,NULL),(28,'(some address)','2017-03-21 17:50:03','/C=IT/O=IGI/CN=CARLA DAEHN','CARLA.DAEHN.28@voms.test.io','2018-03-21 17:50:03','CNAF - Italian National Center for Research and Development (CNAF)','CARLA',NULL,'DAEHN','\0',NULL,NULL,NULL),(29,'(some address)','2017-03-21 17:50:04','/C=IT/O=IGI/CN=MARLON KRUPPENBACHER','MARLON.KRUPPENBACHER.29@voms.test.io','2018-03-21 17:50:04','CNAF - Italian National Center for Research and Development (CNAF)','MARLON',NULL,'KRUPPENBACHER','\0',NULL,NULL,NULL),(30,'(some address)','2017-03-21 17:50:04','/C=IT/O=IGI/CN=VERTIE STAMER','VERTIE.STAMER.30@voms.test.io','2018-03-21 17:50:04','CNAF - Italian National Center for Research and Development (CNAF)','VERTIE',NULL,'STAMER','\0',NULL,NULL,NULL),(31,'(some address)','2017-03-21 17:50:04','/C=IT/O=IGI/CN=DELLA BARKLOW','DELLA.BARKLOW.31@voms.test.io','2018-03-21 17:50:04','CNAF - Italian National Center for Research and Development (CNAF)','DELLA',NULL,'BARKLOW','\0',NULL,NULL,NULL),(32,'(some address)','2017-03-21 17:50:05','/C=IT/O=IGI/CN=CECILIA LALL','CECILIA.LALL.32@voms.test.io','2018-03-21 17:50:05','CNAF - Italian National Center for Research and Development (CNAF)','CECILIA',NULL,'LALL','\0',NULL,NULL,NULL),(33,'(some address)','2017-03-21 17:50:05','/C=IT/O=IGI/CN=TIERA DOWLIN','TIERA.DOWLIN.33@voms.test.io','2018-03-21 17:50:05','CNAF - Italian National Center for Research and Development (CNAF)','TIERA',NULL,'DOWLIN','\0',NULL,NULL,NULL),(34,'(some address)','2017-03-21 17:50:05','/C=IT/O=IGI/CN=DETRA TATAR','DETRA.TATAR.34@voms.test.io','2018-03-21 17:50:05','CNAF - Italian National Center for Research and Development (CNAF)','DETRA',NULL,'TATAR','\0',NULL,NULL,NULL),(35,'(some address)','2017-03-21 17:50:06','/C=IT/O=IGI/CN=JULES TOTTEN','JULES.TOTTEN.35@voms.test.io','2018-03-21 17:50:06','CNAF - Italian National Center for Research and Development (CNAF)','JULES',NULL,'TOTTEN','\0',NULL,NULL,NULL),(36,'(some address)','2017-03-21 17:50:07','/C=IT/O=IGI/CN=DORTHA HOBDAY','DORTHA.HOBDAY.36@voms.test.io','2018-03-21 17:50:07','CNAF - Italian National Center for Research and Development (CNAF)','DORTHA',NULL,'HOBDAY','\0',NULL,NULL,NULL),(37,'(some address)','2017-03-21 17:50:08','/C=IT/O=IGI/CN=BERENICE ORLOWSKY','BERENICE.ORLOWSKY.37@voms.test.io','2018-03-21 17:50:08','CNAF - Italian National Center for Research and Development (CNAF)','BERENICE',NULL,'ORLOWSKY','\0',NULL,NULL,NULL),(38,'(some address)','2017-03-21 17:50:08','/C=IT/O=IGI/CN=BRITTANEY DENIER','BRITTANEY.DENIER.38@voms.test.io','2018-03-21 17:50:08','CNAF - Italian National Center for Research and Development (CNAF)','BRITTANEY',NULL,'DENIER','\0',NULL,NULL,NULL),(39,'(some address)','2017-03-21 17:50:08','/C=IT/O=IGI/CN=ALITA HONTZ','ALITA.HONTZ.39@voms.test.io','2018-03-21 17:50:08','CNAF - Italian National Center for Research and Development (CNAF)','ALITA',NULL,'HONTZ','\0',NULL,NULL,NULL),(40,'(some address)','2017-03-21 17:50:09','/C=IT/O=IGI/CN=FREEMAN KOBIE','FREEMAN.KOBIE.40@voms.test.io','2018-03-21 17:50:09','CNAF - Italian National Center for Research and Development (CNAF)','FREEMAN',NULL,'KOBIE','\0',NULL,NULL,NULL),(41,'(some address)','2017-03-21 17:50:09','/C=IT/O=IGI/CN=LEEANNA VOIGT','LEEANNA.VOIGT.41@voms.test.io','2018-03-21 17:50:09','CNAF - Italian National Center for Research and Development (CNAF)','LEEANNA',NULL,'VOIGT','\0',NULL,NULL,NULL),(42,'(some address)','2017-03-21 17:50:10','/C=IT/O=IGI/CN=JOSH PAULINA','JOSH.PAULINA.42@voms.test.io','2018-03-21 17:50:10','CNAF - Italian National Center for Research and Development (CNAF)','JOSH',NULL,'PAULINA','\0',NULL,NULL,NULL),(43,'(some address)','2017-03-21 17:50:10','/C=IT/O=IGI/CN=DACIA SHAUB','DACIA.SHAUB.43@voms.test.io','2018-03-21 17:50:10','CNAF - Italian National Center for Research and Development (CNAF)','DACIA',NULL,'SHAUB','\0',NULL,NULL,NULL),(44,'(some address)','2017-03-21 17:50:11','/C=IT/O=IGI/CN=FREDERICK WIRTA','FREDERICK.WIRTA.44@voms.test.io','2018-03-21 17:50:11','CNAF - Italian National Center for Research and Development (CNAF)','FREDERICK',NULL,'WIRTA','\0',NULL,NULL,NULL),(45,'(some address)','2017-03-21 17:50:11','/C=IT/O=IGI/CN=TRICIA WIESER','TRICIA.WIESER.45@voms.test.io','2018-03-21 17:50:11','CNAF - Italian National Center for Research and Development (CNAF)','TRICIA',NULL,'WIESER','\0',NULL,NULL,NULL),(46,'(some address)','2017-03-21 17:50:11','/C=IT/O=IGI/CN=ELIN GOSTOMSKI','ELIN.GOSTOMSKI.46@voms.test.io','2018-03-21 17:50:11','CNAF - Italian National Center for Research and Development (CNAF)','ELIN',NULL,'GOSTOMSKI','\0',NULL,NULL,NULL),(47,'(some address)','2017-03-21 17:50:12','/C=IT/O=IGI/CN=FREDRICK LINNELL','FREDRICK.LINNELL.47@voms.test.io','2018-03-21 17:50:12','CNAF - Italian National Center for Research and Development (CNAF)','FREDRICK',NULL,'LINNELL','\0',NULL,NULL,NULL),(48,'(some address)','2017-03-21 17:50:12','/C=IT/O=IGI/CN=LYNN RIGHTMYER','LYNN.RIGHTMYER.48@voms.test.io','2018-03-21 17:50:12','CNAF - Italian National Center for Research and Development (CNAF)','LYNN',NULL,'RIGHTMYER','\0',NULL,NULL,NULL),(49,'(some address)','2017-03-21 17:50:12','/C=IT/O=IGI/CN=SIMA WEST','SIMA.WEST.49@voms.test.io','2018-03-21 17:50:12','CNAF - Italian National Center for Research and Development (CNAF)','SIMA',NULL,'WEST','\0',NULL,NULL,NULL),(50,'(some address)','2017-03-21 17:50:13','/C=IT/O=IGI/CN=YUKIKO DONOHO','YUKIKO.DONOHO.50@voms.test.io','2018-03-21 17:50:13','CNAF - Italian National Center for Research and Development (CNAF)','YUKIKO',NULL,'DONOHO','\0',NULL,NULL,NULL),(51,'(some address)','2017-03-21 17:50:13','/C=IT/O=IGI/CN=LASHONDA WESTHOUSE','LASHONDA.WESTHOUSE.51@voms.test.io','2018-03-21 17:50:13','CNAF - Italian National Center for Research and Development (CNAF)','LASHONDA',NULL,'WESTHOUSE','\0',NULL,NULL,NULL),(52,'(some address)','2017-03-21 17:50:14','/C=IT/O=IGI/CN=CARMON PARLOR','CARMON.PARLOR.52@voms.test.io','2018-03-21 17:50:14','CNAF - Italian National Center for Research and Development (CNAF)','CARMON',NULL,'PARLOR','\0',NULL,NULL,NULL),(53,'(some address)','2017-03-21 17:50:14','/C=IT/O=IGI/CN=BESS SWETT','BESS.SWETT.53@voms.test.io','2018-03-21 17:50:14','CNAF - Italian National Center for Research and Development (CNAF)','BESS',NULL,'SWETT','\0',NULL,NULL,NULL),(54,'(some address)','2017-03-21 17:50:14','/C=IT/O=IGI/CN=JACKSON LEDDON','JACKSON.LEDDON.54@voms.test.io','2018-03-21 17:50:14','CNAF - Italian National Center for Research and Development (CNAF)','JACKSON',NULL,'LEDDON','\0',NULL,NULL,NULL),(55,'(some address)','2017-03-21 17:50:15','/C=IT/O=IGI/CN=GENNA HANISKO','GENNA.HANISKO.55@voms.test.io','2018-03-21 17:50:15','CNAF - Italian National Center for Research and Development (CNAF)','GENNA',NULL,'HANISKO','\0',NULL,NULL,NULL),(56,'(some address)','2017-03-21 17:50:15','/C=IT/O=IGI/CN=JUDIE WICKINGS','JUDIE.WICKINGS.56@voms.test.io','2018-03-21 17:50:15','CNAF - Italian National Center for Research and Development (CNAF)','JUDIE',NULL,'WICKINGS','\0',NULL,NULL,NULL),(57,'(some address)','2017-03-21 17:50:16','/C=IT/O=IGI/CN=KATHLENE SCHNECKLOTH','KATHLENE.SCHNECKLOTH.57@voms.test.io','2018-03-21 17:50:16','CNAF - Italian National Center for Research and Development (CNAF)','KATHLENE',NULL,'SCHNECKLOTH','\0',NULL,NULL,NULL),(58,'(some address)','2017-03-21 17:50:16','/C=IT/O=IGI/CN=OTIS TOPLK','OTIS.TOPLK.58@voms.test.io','2018-03-21 17:50:16','CNAF - Italian National Center for Research and Development (CNAF)','OTIS',NULL,'TOPLK','\0',NULL,NULL,NULL),(59,'(some address)','2017-03-21 17:50:16','/C=IT/O=IGI/CN=BERNARDO DEISHER','BERNARDO.DEISHER.59@voms.test.io','2018-03-21 17:50:16','CNAF - Italian National Center for Research and Development (CNAF)','BERNARDO',NULL,'DEISHER','\0',NULL,NULL,NULL),(60,'(some address)','2017-03-21 17:50:17','/C=IT/O=IGI/CN=LIZ WILCINSKI','LIZ.WILCINSKI.60@voms.test.io','2018-03-21 17:50:17','CNAF - Italian National Center for Research and Development (CNAF)','LIZ',NULL,'WILCINSKI','\0',NULL,NULL,NULL),(61,'(some address)','2017-03-21 17:50:17','/C=IT/O=IGI/CN=CHU KURLAND','CHU.KURLAND.61@voms.test.io','2018-03-21 17:50:17','CNAF - Italian National Center for Research and Development (CNAF)','CHU',NULL,'KURLAND','\0',NULL,NULL,NULL),(62,'(some address)','2017-03-21 17:50:17','/C=IT/O=IGI/CN=VAL KAUFFMANN','VAL.KAUFFMANN.62@voms.test.io','2018-03-21 17:50:17','CNAF - Italian National Center for Research and Development (CNAF)','VAL',NULL,'KAUFFMANN','\0',NULL,NULL,NULL),(63,'(some address)','2017-03-21 17:50:18','/C=IT/O=IGI/CN=JOEY FREIMUTH','JOEY.FREIMUTH.63@voms.test.io','2018-03-21 17:50:18','CNAF - Italian National Center for Research and Development (CNAF)','JOEY',NULL,'FREIMUTH','\0',NULL,NULL,NULL),(64,'(some address)','2017-03-21 17:50:18','/C=IT/O=IGI/CN=CHANCE BARRO','CHANCE.BARRO.64@voms.test.io','2018-03-21 17:50:18','CNAF - Italian National Center for Research and Development (CNAF)','CHANCE',NULL,'BARRO','\0',NULL,NULL,NULL),(65,'(some address)','2017-03-21 17:50:19','/C=IT/O=IGI/CN=VI SZWARC','VI.SZWARC.65@voms.test.io','2018-03-21 17:50:19','CNAF - Italian National Center for Research and Development (CNAF)','VI',NULL,'SZWARC','\0',NULL,NULL,NULL),(66,'(some address)','2017-03-21 17:50:19','/C=IT/O=IGI/CN=CARITA ABT','CARITA.ABT.66@voms.test.io','2018-03-21 17:50:19','CNAF - Italian National Center for Research and Development (CNAF)','CARITA',NULL,'ABT','\0',NULL,NULL,NULL),(67,'(some address)','2017-03-21 17:50:20','/C=IT/O=IGI/CN=COURTNEY VEIGEL','COURTNEY.VEIGEL.67@voms.test.io','2018-03-21 17:50:20','CNAF - Italian National Center for Research and Development (CNAF)','COURTNEY',NULL,'VEIGEL','\0',NULL,NULL,NULL),(68,'(some address)','2017-03-21 17:50:21','/C=IT/O=IGI/CN=ALDA MANGUS','ALDA.MANGUS.68@voms.test.io','2018-03-21 17:50:21','CNAF - Italian National Center for Research and Development (CNAF)','ALDA',NULL,'MANGUS','\0',NULL,NULL,NULL),(69,'(some address)','2017-03-21 17:50:21','/C=IT/O=IGI/CN=BERTHA MAUFFRAY','BERTHA.MAUFFRAY.69@voms.test.io','2018-03-21 17:50:21','CNAF - Italian National Center for Research and Development (CNAF)','BERTHA',NULL,'MAUFFRAY','\0',NULL,NULL,NULL),(70,'(some address)','2017-03-21 17:50:22','/C=IT/O=IGI/CN=PAULITA DOSTIE','PAULITA.DOSTIE.70@voms.test.io','2018-03-21 17:50:22','CNAF - Italian National Center for Research and Development (CNAF)','PAULITA',NULL,'DOSTIE','\0',NULL,NULL,NULL),(71,'(some address)','2017-03-21 17:50:22','/C=IT/O=IGI/CN=NELLIE BURKHARD','NELLIE.BURKHARD.71@voms.test.io','2018-03-21 17:50:22','CNAF - Italian National Center for Research and Development (CNAF)','NELLIE',NULL,'BURKHARD','\0',NULL,NULL,NULL),(72,'(some address)','2017-03-21 17:50:23','/C=IT/O=IGI/CN=XOCHITL FELLEMAN','XOCHITL.FELLEMAN.72@voms.test.io','2018-03-21 17:50:23','CNAF - Italian National Center for Research and Development (CNAF)','XOCHITL',NULL,'FELLEMAN','\0',NULL,NULL,NULL),(73,'(some address)','2017-03-21 17:50:23','/C=IT/O=IGI/CN=KEN OBRADOVICH','KEN.OBRADOVICH.73@voms.test.io','2018-03-21 17:50:23','CNAF - Italian National Center for Research and Development (CNAF)','KEN',NULL,'OBRADOVICH','\0',NULL,NULL,NULL),(74,'(some address)','2017-03-21 17:50:24','/C=IT/O=IGI/CN=WANITA DARRAH','WANITA.DARRAH.74@voms.test.io','2018-03-21 17:50:24','CNAF - Italian National Center for Research and Development (CNAF)','WANITA',NULL,'DARRAH','\0',NULL,NULL,NULL),(75,'(some address)','2017-03-21 17:50:24','/C=IT/O=IGI/CN=WILHELMINA MONARREZ','WILHELMINA.MONARREZ.75@voms.test.io','2018-03-21 17:50:24','CNAF - Italian National Center for Research and Development (CNAF)','WILHELMINA',NULL,'MONARREZ','\0',NULL,NULL,NULL),(76,'(some address)','2017-03-21 17:50:24','/C=IT/O=IGI/CN=LETA STENBERG','LETA.STENBERG.76@voms.test.io','2018-03-21 17:50:24','CNAF - Italian National Center for Research and Development (CNAF)','LETA',NULL,'STENBERG','\0',NULL,NULL,NULL),(77,'(some address)','2017-03-21 17:50:25','/C=IT/O=IGI/CN=BERT DEODATO','BERT.DEODATO.77@voms.test.io','2018-03-21 17:50:25','CNAF - Italian National Center for Research and Development (CNAF)','BERT',NULL,'DEODATO','\0',NULL,NULL,NULL),(78,'(some address)','2017-03-21 17:50:25','/C=IT/O=IGI/CN=IRMA LANOIE','IRMA.LANOIE.78@voms.test.io','2018-03-21 17:50:25','CNAF - Italian National Center for Research and Development (CNAF)','IRMA',NULL,'LANOIE','\0',NULL,NULL,NULL),(79,'(some address)','2017-03-21 17:50:26','/C=IT/O=IGI/CN=OTIS FLATTERY','OTIS.FLATTERY.79@voms.test.io','2018-03-21 17:50:26','CNAF - Italian National Center for Research and Development (CNAF)','OTIS',NULL,'FLATTERY','\0',NULL,NULL,NULL),(80,'(some address)','2017-03-21 17:50:26','/C=IT/O=IGI/CN=NOBUKO LAITE','NOBUKO.LAITE.80@voms.test.io','2018-03-21 17:50:26','CNAF - Italian National Center for Research and Development (CNAF)','NOBUKO',NULL,'LAITE','\0',NULL,NULL,NULL),(81,'(some address)','2017-03-21 17:50:26','/C=IT/O=IGI/CN=JED CATTS','JED.CATTS.81@voms.test.io','2018-03-21 17:50:26','CNAF - Italian National Center for Research and Development (CNAF)','JED',NULL,'CATTS','\0',NULL,NULL,NULL),(82,'(some address)','2017-03-21 17:50:27','/C=IT/O=IGI/CN=PAUL BOHLER','PAUL.BOHLER.82@voms.test.io','2018-03-21 17:50:27','CNAF - Italian National Center for Research and Development (CNAF)','PAUL',NULL,'BOHLER','\0',NULL,NULL,NULL),(83,'(some address)','2017-03-21 17:50:27','/C=IT/O=IGI/CN=CHANCE SAVEL','CHANCE.SAVEL.83@voms.test.io','2018-03-21 17:50:27','CNAF - Italian National Center for Research and Development (CNAF)','CHANCE',NULL,'SAVEL','\0',NULL,NULL,NULL),(84,'(some address)','2017-03-21 17:50:28','/C=IT/O=IGI/CN=TIJUANA CABBLE','TIJUANA.CABBLE.84@voms.test.io','2018-03-21 17:50:28','CNAF - Italian National Center for Research and Development (CNAF)','TIJUANA',NULL,'CABBLE','\0',NULL,NULL,NULL),(85,'(some address)','2017-03-21 17:50:29','/C=IT/O=IGI/CN=AZZIE TORELLI','AZZIE.TORELLI.85@voms.test.io','2018-03-21 17:50:29','CNAF - Italian National Center for Research and Development (CNAF)','AZZIE',NULL,'TORELLI','\0',NULL,NULL,NULL),(86,'(some address)','2017-03-21 17:50:29','/C=IT/O=IGI/CN=CARYLON VERSTRAETE','CARYLON.VERSTRAETE.86@voms.test.io','2018-03-21 17:50:29','CNAF - Italian National Center for Research and Development (CNAF)','CARYLON',NULL,'VERSTRAETE','\0',NULL,NULL,NULL),(87,'(some address)','2017-03-21 17:50:30','/C=IT/O=IGI/CN=WAVA BENKEN','WAVA.BENKEN.87@voms.test.io','2018-03-21 17:50:30','CNAF - Italian National Center for Research and Development (CNAF)','WAVA',NULL,'BENKEN','\0',NULL,NULL,NULL),(88,'(some address)','2017-03-21 17:50:30','/C=IT/O=IGI/CN=VENNIE DOMENICK','VENNIE.DOMENICK.88@voms.test.io','2018-03-21 17:50:30','CNAF - Italian National Center for Research and Development (CNAF)','VENNIE',NULL,'DOMENICK','\0',NULL,NULL,NULL),(89,'(some address)','2017-03-21 17:50:30','/C=IT/O=IGI/CN=FREDDA HYTEN','FREDDA.HYTEN.89@voms.test.io','2018-03-21 17:50:30','CNAF - Italian National Center for Research and Development (CNAF)','FREDDA',NULL,'HYTEN','\0',NULL,NULL,NULL),(90,'(some address)','2017-03-21 17:50:31','/C=IT/O=IGI/CN=HAYDEE BZHYAN','HAYDEE.BZHYAN.90@voms.test.io','2018-03-21 17:50:31','CNAF - Italian National Center for Research and Development (CNAF)','HAYDEE',NULL,'BZHYAN','\0',NULL,NULL,NULL),(91,'(some address)','2017-03-21 17:50:31','/C=IT/O=IGI/CN=ELIJAH BURDELL','ELIJAH.BURDELL.91@voms.test.io','2018-03-21 17:50:31','CNAF - Italian National Center for Research and Development (CNAF)','ELIJAH',NULL,'BURDELL','\0',NULL,NULL,NULL),(92,'(some address)','2017-03-21 17:50:32','/C=IT/O=IGI/CN=BETHANIE CASTILLA','BETHANIE.CASTILLA.92@voms.test.io','2018-03-21 17:50:32','CNAF - Italian National Center for Research and Development (CNAF)','BETHANIE',NULL,'CASTILLA','\0',NULL,NULL,NULL),(93,'(some address)','2017-03-21 17:50:32','/C=IT/O=IGI/CN=LESLIE HANCOCK','LESLIE.HANCOCK.93@voms.test.io','2018-03-21 17:50:32','CNAF - Italian National Center for Research and Development (CNAF)','LESLIE',NULL,'HANCOCK','\0',NULL,NULL,NULL),(94,'(some address)','2017-03-21 17:50:32','/C=IT/O=IGI/CN=XENIA HAULBROOK','XENIA.HAULBROOK.94@voms.test.io','2018-03-21 17:50:32','CNAF - Italian National Center for Research and Development (CNAF)','XENIA',NULL,'HAULBROOK','\0',NULL,NULL,NULL),(95,'(some address)','2017-03-21 17:50:33','/C=IT/O=IGI/CN=YUKO CROMBIE','YUKO.CROMBIE.95@voms.test.io','2018-03-21 17:50:33','CNAF - Italian National Center for Research and Development (CNAF)','YUKO',NULL,'CROMBIE','\0',NULL,NULL,NULL),(96,'(some address)','2017-03-21 17:50:33','/C=IT/O=IGI/CN=JALEESA HANIFAN','JALEESA.HANIFAN.96@voms.test.io','2018-03-21 17:50:33','CNAF - Italian National Center for Research and Development (CNAF)','JALEESA',NULL,'HANIFAN','\0',NULL,NULL,NULL),(97,'(some address)','2017-03-21 17:50:34','/C=IT/O=IGI/CN=KRYSTIN LYBRAND','KRYSTIN.LYBRAND.97@voms.test.io','2018-03-21 17:50:34','CNAF - Italian National Center for Research and Development (CNAF)','KRYSTIN',NULL,'LYBRAND','\0',NULL,NULL,NULL),(98,'(some address)','2017-03-21 17:50:34','/C=IT/O=IGI/CN=KORY MCPARLAND','KORY.MCPARLAND.98@voms.test.io','2018-03-21 17:50:34','CNAF - Italian National Center for Research and Development (CNAF)','KORY',NULL,'MCPARLAND','\0',NULL,NULL,NULL),(99,'(some address)','2017-03-21 17:50:34','/C=IT/O=IGI/CN=WAN SAMMON','WAN.SAMMON.99@voms.test.io','2018-03-21 17:50:34','CNAF - Italian National Center for Research and Development (CNAF)','WAN',NULL,'SAMMON','\0',NULL,NULL,NULL),(100,'(some address)','2017-03-21 17:50:35','/C=IT/O=IGI/CN=HANH ATCITTY','HANH.ATCITTY.100@voms.test.io','2018-03-21 17:50:35','CNAF - Italian National Center for Research and Development (CNAF)','HANH',NULL,'ATCITTY','\0',NULL,NULL,NULL),(101,'(some address)','2017-03-21 17:50:35','/C=IT/O=IGI/CN=ANGELIC URBINA','ANGELIC.URBINA.101@voms.test.io','2018-03-21 17:50:35','CNAF - Italian National Center for Research and Development (CNAF)','ANGELIC',NULL,'URBINA','\0',NULL,NULL,NULL),(102,'(some address)','2017-03-21 17:50:36','/C=IT/O=IGI/CN=AUSTIN CARABAJAL','AUSTIN.CARABAJAL.102@voms.test.io','2018-03-21 17:50:36','CNAF - Italian National Center for Research and Development (CNAF)','AUSTIN',NULL,'CARABAJAL','\0',NULL,NULL,NULL),(103,'(some address)','2017-03-21 17:50:36','/C=IT/O=IGI/CN=INGA DINGFELDER','INGA.DINGFELDER.103@voms.test.io','2018-03-21 17:50:36','CNAF - Italian National Center for Research and Development (CNAF)','INGA',NULL,'DINGFELDER','\0',NULL,NULL,NULL),(104,'(some address)','2017-03-21 17:50:37','/C=IT/O=IGI/CN=LIVIA ASHBACHER','LIVIA.ASHBACHER.104@voms.test.io','2018-03-21 17:50:37','CNAF - Italian National Center for Research and Development (CNAF)','LIVIA',NULL,'ASHBACHER','\0',NULL,NULL,NULL),(105,'(some address)','2017-03-21 17:50:38','/C=IT/O=IGI/CN=BROOKE LEBEDEFF','BROOKE.LEBEDEFF.105@voms.test.io','2018-03-21 17:50:38','CNAF - Italian National Center for Research and Development (CNAF)','BROOKE',NULL,'LEBEDEFF','\0',NULL,NULL,NULL),(106,'(some address)','2017-03-21 17:50:38','/C=IT/O=IGI/CN=SUNSHINE BUTTARO','SUNSHINE.BUTTARO.106@voms.test.io','2018-03-21 17:50:38','CNAF - Italian National Center for Research and Development (CNAF)','SUNSHINE',NULL,'BUTTARO','\0',NULL,NULL,NULL),(107,'(some address)','2017-03-21 17:50:39','/C=IT/O=IGI/CN=TWYLA TIBWELL','TWYLA.TIBWELL.107@voms.test.io','2018-03-21 17:50:39','CNAF - Italian National Center for Research and Development (CNAF)','TWYLA',NULL,'TIBWELL','\0',NULL,NULL,NULL),(108,'(some address)','2017-03-21 17:50:39','/C=IT/O=IGI/CN=MILLARD CARAVELLA','MILLARD.CARAVELLA.108@voms.test.io','2018-03-21 17:50:39','CNAF - Italian National Center for Research and Development (CNAF)','MILLARD',NULL,'CARAVELLA','\0',NULL,NULL,NULL),(109,'(some address)','2017-03-21 17:50:39','/C=IT/O=IGI/CN=MARGURITE AYOOB','MARGURITE.AYOOB.109@voms.test.io','2018-03-21 17:50:39','CNAF - Italian National Center for Research and Development (CNAF)','MARGURITE',NULL,'AYOOB','\0',NULL,NULL,NULL),(110,'(some address)','2017-03-21 17:50:40','/C=IT/O=IGI/CN=MARIKO TENN','MARIKO.TENN.110@voms.test.io','2018-03-21 17:50:40','CNAF - Italian National Center for Research and Development (CNAF)','MARIKO',NULL,'TENN','\0',NULL,NULL,NULL),(111,'(some address)','2017-03-21 17:50:40','/C=IT/O=IGI/CN=JINNY KRUGER','JINNY.KRUGER.111@voms.test.io','2018-03-21 17:50:40','CNAF - Italian National Center for Research and Development (CNAF)','JINNY',NULL,'KRUGER','\0',NULL,NULL,NULL),(112,'(some address)','2017-03-21 17:50:41','/C=IT/O=IGI/CN=RETHA PINCHBECK','RETHA.PINCHBECK.112@voms.test.io','2018-03-21 17:50:41','CNAF - Italian National Center for Research and Development (CNAF)','RETHA',NULL,'PINCHBECK','\0',NULL,NULL,NULL),(113,'(some address)','2017-03-21 17:50:41','/C=IT/O=IGI/CN=KIMBERY LOBDELL','KIMBERY.LOBDELL.113@voms.test.io','2018-03-21 17:50:41','CNAF - Italian National Center for Research and Development (CNAF)','KIMBERY',NULL,'LOBDELL','\0',NULL,NULL,NULL),(114,'(some address)','2017-03-21 17:50:41','/C=IT/O=IGI/CN=SHIRELY BORGATTI','SHIRELY.BORGATTI.114@voms.test.io','2018-03-21 17:50:41','CNAF - Italian National Center for Research and Development (CNAF)','SHIRELY',NULL,'BORGATTI','\0',NULL,NULL,NULL),(115,'(some address)','2017-03-21 17:50:42','/C=IT/O=IGI/CN=TODD OKKEN','TODD.OKKEN.115@voms.test.io','2018-03-21 17:50:42','CNAF - Italian National Center for Research and Development (CNAF)','TODD',NULL,'OKKEN','\0',NULL,NULL,NULL),(116,'(some address)','2017-03-21 17:50:42','/C=IT/O=IGI/CN=RUPERT MONTALBO','RUPERT.MONTALBO.116@voms.test.io','2018-03-21 17:50:42','CNAF - Italian National Center for Research and Development (CNAF)','RUPERT',NULL,'MONTALBO','\0',NULL,NULL,NULL),(117,'(some address)','2017-03-21 17:50:43','/C=IT/O=IGI/CN=JIMMIE ISRAELSEN','JIMMIE.ISRAELSEN.117@voms.test.io','2018-03-21 17:50:43','CNAF - Italian National Center for Research and Development (CNAF)','JIMMIE',NULL,'ISRAELSEN','\0',NULL,NULL,NULL),(118,'(some address)','2017-03-21 17:50:43','/C=IT/O=IGI/CN=STEPANIE VOLNER','STEPANIE.VOLNER.118@voms.test.io','2018-03-21 17:50:43','CNAF - Italian National Center for Research and Development (CNAF)','STEPANIE',NULL,'VOLNER','\0',NULL,NULL,NULL),(119,'(some address)','2017-03-21 17:50:43','/C=IT/O=IGI/CN=ULRIKE KEMPSON','ULRIKE.KEMPSON.119@voms.test.io','2018-03-21 17:50:43','CNAF - Italian National Center for Research and Development (CNAF)','ULRIKE',NULL,'KEMPSON','\0',NULL,NULL,NULL),(120,'(some address)','2017-03-21 17:50:44','/C=IT/O=IGI/CN=JINA MEGO','JINA.MEGO.120@voms.test.io','2018-03-21 17:50:44','CNAF - Italian National Center for Research and Development (CNAF)','JINA',NULL,'MEGO','\0',NULL,NULL,NULL),(121,'(some address)','2017-03-21 17:50:44','/C=IT/O=IGI/CN=VANNA JOOS','VANNA.JOOS.121@voms.test.io','2018-03-21 17:50:44','CNAF - Italian National Center for Research and Development (CNAF)','VANNA',NULL,'JOOS','\0',NULL,NULL,NULL),(122,'(some address)','2017-03-21 17:50:45','/C=IT/O=IGI/CN=TONA RAROGAL','TONA.RAROGAL.122@voms.test.io','2018-03-21 17:50:45','CNAF - Italian National Center for Research and Development (CNAF)','TONA',NULL,'RAROGAL','\0',NULL,NULL,NULL),(123,'(some address)','2017-03-21 17:50:45','/C=IT/O=IGI/CN=BRYAN HEMERLY','BRYAN.HEMERLY.123@voms.test.io','2018-03-21 17:50:45','CNAF - Italian National Center for Research and Development (CNAF)','BRYAN',NULL,'HEMERLY','\0',NULL,NULL,NULL),(124,'(some address)','2017-03-21 17:50:46','/C=IT/O=IGI/CN=ALEEN DARCO','ALEEN.DARCO.124@voms.test.io','2018-03-21 17:50:46','CNAF - Italian National Center for Research and Development (CNAF)','ALEEN',NULL,'DARCO','\0',NULL,NULL,NULL),(125,'(some address)','2017-03-21 17:50:46','/C=IT/O=IGI/CN=MARGUERITE MITCHLER','MARGUERITE.MITCHLER.125@voms.test.io','2018-03-21 17:50:46','CNAF - Italian National Center for Research and Development (CNAF)','MARGUERITE',NULL,'MITCHLER','\0',NULL,NULL,NULL),(126,'(some address)','2017-03-21 17:50:47','/C=IT/O=IGI/CN=ELLENA BEICHNER','ELLENA.BEICHNER.126@voms.test.io','2018-03-21 17:50:47','CNAF - Italian National Center for Research and Development (CNAF)','ELLENA',NULL,'BEICHNER','\0',NULL,NULL,NULL),(127,'(some address)','2017-03-21 17:50:47','/C=IT/O=IGI/CN=PEGGY DATY','PEGGY.DATY.127@voms.test.io','2018-03-21 17:50:47','CNAF - Italian National Center for Research and Development (CNAF)','PEGGY',NULL,'DATY','\0',NULL,NULL,NULL),(128,'(some address)','2017-03-21 17:50:48','/C=IT/O=IGI/CN=ELNORA HOMBY','ELNORA.HOMBY.128@voms.test.io','2018-03-21 17:50:48','CNAF - Italian National Center for Research and Development (CNAF)','ELNORA',NULL,'HOMBY','\0',NULL,NULL,NULL),(129,'(some address)','2017-03-21 17:50:49','/C=IT/O=IGI/CN=DREAMA LUCKENBAUGH','DREAMA.LUCKENBAUGH.129@voms.test.io','2018-03-21 17:50:49','CNAF - Italian National Center for Research and Development (CNAF)','DREAMA',NULL,'LUCKENBAUGH','\0',NULL,NULL,NULL),(130,'(some address)','2017-03-21 17:50:49','/C=IT/O=IGI/CN=HORTENCIA TICA','HORTENCIA.TICA.130@voms.test.io','2018-03-21 17:50:49','CNAF - Italian National Center for Research and Development (CNAF)','HORTENCIA',NULL,'TICA','\0',NULL,NULL,NULL),(131,'(some address)','2017-03-21 17:50:49','/C=IT/O=IGI/CN=OTTO BEUMER','OTTO.BEUMER.131@voms.test.io','2018-03-21 17:50:49','CNAF - Italian National Center for Research and Development (CNAF)','OTTO',NULL,'BEUMER','\0',NULL,NULL,NULL),(132,'(some address)','2017-03-21 17:50:50','/C=IT/O=IGI/CN=ZACHARY BIHM','ZACHARY.BIHM.132@voms.test.io','2018-03-21 17:50:50','CNAF - Italian National Center for Research and Development (CNAF)','ZACHARY',NULL,'BIHM','\0',NULL,NULL,NULL),(133,'(some address)','2017-03-21 17:50:50','/C=IT/O=IGI/CN=ANNMARIE MUSILLI','ANNMARIE.MUSILLI.133@voms.test.io','2018-03-21 17:50:50','CNAF - Italian National Center for Research and Development (CNAF)','ANNMARIE',NULL,'MUSILLI','\0',NULL,NULL,NULL),(134,'(some address)','2017-03-21 17:50:50','/C=IT/O=IGI/CN=SAL LUTGEN','SAL.LUTGEN.134@voms.test.io','2018-03-21 17:50:50','CNAF - Italian National Center for Research and Development (CNAF)','SAL',NULL,'LUTGEN','\0',NULL,NULL,NULL),(135,'(some address)','2017-03-21 17:50:51','/C=IT/O=IGI/CN=DAMON HUMMINGBIRD','DAMON.HUMMINGBIRD.135@voms.test.io','2018-03-21 17:50:51','CNAF - Italian National Center for Research and Development (CNAF)','DAMON',NULL,'HUMMINGBIRD','\0',NULL,NULL,NULL),(136,'(some address)','2017-03-21 17:50:51','/C=IT/O=IGI/CN=GRACIE PADIONG','GRACIE.PADIONG.136@voms.test.io','2018-03-21 17:50:51','CNAF - Italian National Center for Research and Development (CNAF)','GRACIE',NULL,'PADIONG','\0',NULL,NULL,NULL),(137,'(some address)','2017-03-21 17:50:52','/C=IT/O=IGI/CN=MARSHALL PORTEUS','MARSHALL.PORTEUS.137@voms.test.io','2018-03-21 17:50:52','CNAF - Italian National Center for Research and Development (CNAF)','MARSHALL',NULL,'PORTEUS','\0',NULL,NULL,NULL),(138,'(some address)','2017-03-21 17:50:52','/C=IT/O=IGI/CN=ISIDRA CLAP','ISIDRA.CLAP.138@voms.test.io','2018-03-21 17:50:52','CNAF - Italian National Center for Research and Development (CNAF)','ISIDRA',NULL,'CLAP','\0',NULL,NULL,NULL),(139,'(some address)','2017-03-21 17:50:53','/C=IT/O=IGI/CN=CHUNG PONTONIO','CHUNG.PONTONIO.139@voms.test.io','2018-03-21 17:50:53','CNAF - Italian National Center for Research and Development (CNAF)','CHUNG',NULL,'PONTONIO','\0',NULL,NULL,NULL),(140,'(some address)','2017-03-21 17:50:53','/C=IT/O=IGI/CN=CLAUDIA GRAYSON','CLAUDIA.GRAYSON.140@voms.test.io','2018-03-21 17:50:53','CNAF - Italian National Center for Research and Development (CNAF)','CLAUDIA',NULL,'GRAYSON','\0',NULL,NULL,NULL),(141,'(some address)','2017-03-21 17:50:53','/C=IT/O=IGI/CN=JONELL POWROZNIK','JONELL.POWROZNIK.141@voms.test.io','2018-03-21 17:50:53','CNAF - Italian National Center for Research and Development (CNAF)','JONELL',NULL,'POWROZNIK','\0',NULL,NULL,NULL),(142,'(some address)','2017-03-21 17:50:54','/C=IT/O=IGI/CN=KIMBERLEE BRUMMET','KIMBERLEE.BRUMMET.142@voms.test.io','2018-03-21 17:50:54','CNAF - Italian National Center for Research and Development (CNAF)','KIMBERLEE',NULL,'BRUMMET','\0',NULL,NULL,NULL),(143,'(some address)','2017-03-21 17:50:54','/C=IT/O=IGI/CN=JEWELL DELSORDO','JEWELL.DELSORDO.143@voms.test.io','2018-03-21 17:50:54','CNAF - Italian National Center for Research and Development (CNAF)','JEWELL',NULL,'DELSORDO','\0',NULL,NULL,NULL),(144,'(some address)','2017-03-21 17:50:54','/C=IT/O=IGI/CN=FERMINA WHITNER','FERMINA.WHITNER.144@voms.test.io','2018-03-21 17:50:54','CNAF - Italian National Center for Research and Development (CNAF)','FERMINA',NULL,'WHITNER','\0',NULL,NULL,NULL),(145,'(some address)','2017-03-21 17:50:55','/C=IT/O=IGI/CN=MARTHA HOLLMANN','MARTHA.HOLLMANN.145@voms.test.io','2018-03-21 17:50:55','CNAF - Italian National Center for Research and Development (CNAF)','MARTHA',NULL,'HOLLMANN','\0',NULL,NULL,NULL),(146,'(some address)','2017-03-21 17:50:55','/C=IT/O=IGI/CN=DEIDRE HINGSTON','DEIDRE.HINGSTON.146@voms.test.io','2018-03-21 17:50:55','CNAF - Italian National Center for Research and Development (CNAF)','DEIDRE',NULL,'HINGSTON','\0',NULL,NULL,NULL),(147,'(some address)','2017-03-21 17:50:55','/C=IT/O=IGI/CN=DEWITT MOHLKE','DEWITT.MOHLKE.147@voms.test.io','2018-03-21 17:50:55','CNAF - Italian National Center for Research and Development (CNAF)','DEWITT',NULL,'MOHLKE','\0',NULL,NULL,NULL),(148,'(some address)','2017-03-21 17:50:56','/C=IT/O=IGI/CN=PETRONILA ALSANDOR','PETRONILA.ALSANDOR.148@voms.test.io','2018-03-21 17:50:56','CNAF - Italian National Center for Research and Development (CNAF)','PETRONILA',NULL,'ALSANDOR','\0',NULL,NULL,NULL),(149,'(some address)','2017-03-21 17:50:56','/C=IT/O=IGI/CN=TERI GRECH','TERI.GRECH.149@voms.test.io','2018-03-21 17:50:56','CNAF - Italian National Center for Research and Development (CNAF)','TERI',NULL,'GRECH','\0',NULL,NULL,NULL),(150,'(some address)','2017-03-21 17:50:56','/C=IT/O=IGI/CN=CLINT GOLUB','CLINT.GOLUB.150@voms.test.io','2018-03-21 17:50:56','CNAF - Italian National Center for Research and Development (CNAF)','CLINT',NULL,'GOLUB','\0',NULL,NULL,NULL),(151,'(some address)','2017-03-21 17:50:57','/C=IT/O=IGI/CN=TRULA GROTHAUS','TRULA.GROTHAUS.151@voms.test.io','2018-03-21 17:50:57','CNAF - Italian National Center for Research and Development (CNAF)','TRULA',NULL,'GROTHAUS','\0',NULL,NULL,NULL),(152,'(some address)','2017-03-21 17:50:57','/C=IT/O=IGI/CN=TORY BURDEX','TORY.BURDEX.152@voms.test.io','2018-03-21 17:50:57','CNAF - Italian National Center for Research and Development (CNAF)','TORY',NULL,'BURDEX','\0',NULL,NULL,NULL),(153,'(some address)','2017-03-21 17:50:58','/C=IT/O=IGI/CN=NELLIE RUSCHE','NELLIE.RUSCHE.153@voms.test.io','2018-03-21 17:50:58','CNAF - Italian National Center for Research and Development (CNAF)','NELLIE',NULL,'RUSCHE','\0',NULL,NULL,NULL),(154,'(some address)','2017-03-21 17:50:58','/C=IT/O=IGI/CN=BRENDA ROMON','BRENDA.ROMON.154@voms.test.io','2018-03-21 17:50:58','CNAF - Italian National Center for Research and Development (CNAF)','BRENDA',NULL,'ROMON','\0',NULL,NULL,NULL),(155,'(some address)','2017-03-21 17:50:58','/C=IT/O=IGI/CN=WARREN ZURAWIK','WARREN.ZURAWIK.155@voms.test.io','2018-03-21 17:50:58','CNAF - Italian National Center for Research and Development (CNAF)','WARREN',NULL,'ZURAWIK','\0',NULL,NULL,NULL),(156,'(some address)','2017-03-21 17:50:59','/C=IT/O=IGI/CN=JANYCE HOLJE','JANYCE.HOLJE.156@voms.test.io','2018-03-21 17:50:59','CNAF - Italian National Center for Research and Development (CNAF)','JANYCE',NULL,'HOLJE','\0',NULL,NULL,NULL),(157,'(some address)','2017-03-21 17:50:59','/C=IT/O=IGI/CN=LELIA BUSHNER','LELIA.BUSHNER.157@voms.test.io','2018-03-21 17:50:59','CNAF - Italian National Center for Research and Development (CNAF)','LELIA',NULL,'BUSHNER','\0',NULL,NULL,NULL),(158,'(some address)','2017-03-21 17:50:59','/C=IT/O=IGI/CN=CHESTER DESUE','CHESTER.DESUE.158@voms.test.io','2018-03-21 17:50:59','CNAF - Italian National Center for Research and Development (CNAF)','CHESTER',NULL,'DESUE','\0',NULL,NULL,NULL),(159,'(some address)','2017-03-21 17:51:00','/C=IT/O=IGI/CN=MELLISSA MAKINEN','MELLISSA.MAKINEN.159@voms.test.io','2018-03-21 17:51:00','CNAF - Italian National Center for Research and Development (CNAF)','MELLISSA',NULL,'MAKINEN','\0',NULL,NULL,NULL),(160,'(some address)','2017-03-21 17:51:00','/C=IT/O=IGI/CN=ADRIAN DACHS','ADRIAN.DACHS.160@voms.test.io','2018-03-21 17:51:00','CNAF - Italian National Center for Research and Development (CNAF)','ADRIAN',NULL,'DACHS','\0',NULL,NULL,NULL),(161,'(some address)','2017-03-21 17:51:00','/C=IT/O=IGI/CN=WAN COSIER','WAN.COSIER.161@voms.test.io','2018-03-21 17:51:00','CNAF - Italian National Center for Research and Development (CNAF)','WAN',NULL,'COSIER','\0',NULL,NULL,NULL),(162,'(some address)','2017-03-21 17:51:01','/C=IT/O=IGI/CN=DORATHY CARDON','DORATHY.CARDON.162@voms.test.io','2018-03-21 17:51:01','CNAF - Italian National Center for Research and Development (CNAF)','DORATHY',NULL,'CARDON','\0',NULL,NULL,NULL),(163,'(some address)','2017-03-21 17:51:01','/C=IT/O=IGI/CN=GLYNDA STARN','GLYNDA.STARN.163@voms.test.io','2018-03-21 17:51:01','CNAF - Italian National Center for Research and Development (CNAF)','GLYNDA',NULL,'STARN','\0',NULL,NULL,NULL),(164,'(some address)','2017-03-21 17:51:02','/C=IT/O=IGI/CN=MITCHELL CRIMIN','MITCHELL.CRIMIN.164@voms.test.io','2018-03-21 17:51:02','CNAF - Italian National Center for Research and Development (CNAF)','MITCHELL',NULL,'CRIMIN','\0',NULL,NULL,NULL),(165,'(some address)','2017-03-21 17:51:02','/C=IT/O=IGI/CN=KATHERIN GIRLING','KATHERIN.GIRLING.165@voms.test.io','2018-03-21 17:51:02','CNAF - Italian National Center for Research and Development (CNAF)','KATHERIN',NULL,'GIRLING','\0',NULL,NULL,NULL),(166,'(some address)','2017-03-21 17:51:02','/C=IT/O=IGI/CN=ELISHA MANSER','ELISHA.MANSER.166@voms.test.io','2018-03-21 17:51:02','CNAF - Italian National Center for Research and Development (CNAF)','ELISHA',NULL,'MANSER','\0',NULL,NULL,NULL),(167,'(some address)','2017-03-21 17:51:03','/C=IT/O=IGI/CN=ARVILLA BERTELS','ARVILLA.BERTELS.167@voms.test.io','2018-03-21 17:51:03','CNAF - Italian National Center for Research and Development (CNAF)','ARVILLA',NULL,'BERTELS','\0',NULL,NULL,NULL),(168,'(some address)','2017-03-21 17:51:03','/C=IT/O=IGI/CN=HANNAH TAMMO','HANNAH.TAMMO.168@voms.test.io','2018-03-21 17:51:03','CNAF - Italian National Center for Research and Development (CNAF)','HANNAH',NULL,'TAMMO','\0',NULL,NULL,NULL),(169,'(some address)','2017-03-21 17:51:04','/C=IT/O=IGI/CN=RUDOLF STETZ','RUDOLF.STETZ.169@voms.test.io','2018-03-21 17:51:04','CNAF - Italian National Center for Research and Development (CNAF)','RUDOLF',NULL,'STETZ','\0',NULL,NULL,NULL),(170,'(some address)','2017-03-21 17:51:04','/C=IT/O=IGI/CN=CATHARINE PAYWA','CATHARINE.PAYWA.170@voms.test.io','2018-03-21 17:51:04','CNAF - Italian National Center for Research and Development (CNAF)','CATHARINE',NULL,'PAYWA','\0',NULL,NULL,NULL),(171,'(some address)','2017-03-21 17:51:04','/C=IT/O=IGI/CN=CATALINA VANHOOSER','CATALINA.VANHOOSER.171@voms.test.io','2018-03-21 17:51:04','CNAF - Italian National Center for Research and Development (CNAF)','CATALINA',NULL,'VANHOOSER','\0',NULL,NULL,NULL),(172,'(some address)','2017-03-21 17:51:05','/C=IT/O=IGI/CN=NICOLLE VAUTOUR','NICOLLE.VAUTOUR.172@voms.test.io','2018-03-21 17:51:05','CNAF - Italian National Center for Research and Development (CNAF)','NICOLLE',NULL,'VAUTOUR','\0',NULL,NULL,NULL),(173,'(some address)','2017-03-21 17:51:05','/C=IT/O=IGI/CN=ROSELIA ERDMANN','ROSELIA.ERDMANN.173@voms.test.io','2018-03-21 17:51:05','CNAF - Italian National Center for Research and Development (CNAF)','ROSELIA',NULL,'ERDMANN','\0',NULL,NULL,NULL),(174,'(some address)','2017-03-21 17:51:05','/C=IT/O=IGI/CN=SLYVIA BEADNELL','SLYVIA.BEADNELL.174@voms.test.io','2018-03-21 17:51:05','CNAF - Italian National Center for Research and Development (CNAF)','SLYVIA',NULL,'BEADNELL','\0',NULL,NULL,NULL),(175,'(some address)','2017-03-21 17:51:06','/C=IT/O=IGI/CN=SOLEDAD RAZER','SOLEDAD.RAZER.175@voms.test.io','2018-03-21 17:51:06','CNAF - Italian National Center for Research and Development (CNAF)','SOLEDAD',NULL,'RAZER','\0',NULL,NULL,NULL),(176,'(some address)','2017-03-21 17:51:06','/C=IT/O=IGI/CN=MICHALE VRABEL','MICHALE.VRABEL.176@voms.test.io','2018-03-21 17:51:06','CNAF - Italian National Center for Research and Development (CNAF)','MICHALE',NULL,'VRABEL','\0',NULL,NULL,NULL),(177,'(some address)','2017-03-21 17:51:06','/C=IT/O=IGI/CN=RAMIRO VANGUILDER','RAMIRO.VANGUILDER.177@voms.test.io','2018-03-21 17:51:06','CNAF - Italian National Center for Research and Development (CNAF)','RAMIRO',NULL,'VANGUILDER','\0',NULL,NULL,NULL),(178,'(some address)','2017-03-21 17:51:07','/C=IT/O=IGI/CN=ISA GALLEHER','ISA.GALLEHER.178@voms.test.io','2018-03-21 17:51:07','CNAF - Italian National Center for Research and Development (CNAF)','ISA',NULL,'GALLEHER','\0',NULL,NULL,NULL),(179,'(some address)','2017-03-21 17:51:08','/C=IT/O=IGI/CN=CHRISTENA STALLEY','CHRISTENA.STALLEY.179@voms.test.io','2018-03-21 17:51:08','CNAF - Italian National Center for Research and Development (CNAF)','CHRISTENA',NULL,'STALLEY','\0',NULL,NULL,NULL),(180,'(some address)','2017-03-21 17:51:08','/C=IT/O=IGI/CN=MARILU NABARRETE','MARILU.NABARRETE.180@voms.test.io','2018-03-21 17:51:08','CNAF - Italian National Center for Research and Development (CNAF)','MARILU',NULL,'NABARRETE','\0',NULL,NULL,NULL),(181,'(some address)','2017-03-21 17:51:09','/C=IT/O=IGI/CN=MYRIAM CRONQUIST','MYRIAM.CRONQUIST.181@voms.test.io','2018-03-21 17:51:09','CNAF - Italian National Center for Research and Development (CNAF)','MYRIAM',NULL,'CRONQUIST','\0',NULL,NULL,NULL),(182,'(some address)','2017-03-21 17:51:09','/C=IT/O=IGI/CN=VICTOR VANSLYKE','VICTOR.VANSLYKE.182@voms.test.io','2018-03-21 17:51:09','CNAF - Italian National Center for Research and Development (CNAF)','VICTOR',NULL,'VANSLYKE','\0',NULL,NULL,NULL),(183,'(some address)','2017-03-21 17:51:10','/C=IT/O=IGI/CN=JACKELINE BRITT','JACKELINE.BRITT.183@voms.test.io','2018-03-21 17:51:10','CNAF - Italian National Center for Research and Development (CNAF)','JACKELINE',NULL,'BRITT','\0',NULL,NULL,NULL),(184,'(some address)','2017-03-21 17:51:10','/C=IT/O=IGI/CN=KEVIN SWOPE','KEVIN.SWOPE.184@voms.test.io','2018-03-21 17:51:10','CNAF - Italian National Center for Research and Development (CNAF)','KEVIN',NULL,'SWOPE','\0',NULL,NULL,NULL),(185,'(some address)','2017-03-21 17:51:11','/C=IT/O=IGI/CN=EMERITA SWICEGOOD','EMERITA.SWICEGOOD.185@voms.test.io','2018-03-21 17:51:11','CNAF - Italian National Center for Research and Development (CNAF)','EMERITA',NULL,'SWICEGOOD','\0',NULL,NULL,NULL),(186,'(some address)','2017-03-21 17:51:11','/C=IT/O=IGI/CN=FANNIE BUGNI','FANNIE.BUGNI.186@voms.test.io','2018-03-21 17:51:11','CNAF - Italian National Center for Research and Development (CNAF)','FANNIE',NULL,'BUGNI','\0',NULL,NULL,NULL),(187,'(some address)','2017-03-21 17:51:11','/C=IT/O=IGI/CN=TERESA SKRETOWICZ','TERESA.SKRETOWICZ.187@voms.test.io','2018-03-21 17:51:11','CNAF - Italian National Center for Research and Development (CNAF)','TERESA',NULL,'SKRETOWICZ','\0',NULL,NULL,NULL),(188,'(some address)','2017-03-21 17:51:12','/C=IT/O=IGI/CN=LASANDRA KHN','LASANDRA.KHN.188@voms.test.io','2018-03-21 17:51:12','CNAF - Italian National Center for Research and Development (CNAF)','LASANDRA',NULL,'KHN','\0',NULL,NULL,NULL),(189,'(some address)','2017-03-21 17:51:12','/C=IT/O=IGI/CN=KARIE MCVINNEY','KARIE.MCVINNEY.189@voms.test.io','2018-03-21 17:51:12','CNAF - Italian National Center for Research and Development (CNAF)','KARIE',NULL,'MCVINNEY','\0',NULL,NULL,NULL),(190,'(some address)','2017-03-21 17:51:12','/C=IT/O=IGI/CN=CRYSTLE HASSEL','CRYSTLE.HASSEL.190@voms.test.io','2018-03-21 17:51:12','CNAF - Italian National Center for Research and Development (CNAF)','CRYSTLE',NULL,'HASSEL','\0',NULL,NULL,NULL),(191,'(some address)','2017-03-21 17:51:13','/C=IT/O=IGI/CN=WILLIAN GREAM','WILLIAN.GREAM.191@voms.test.io','2018-03-21 17:51:13','CNAF - Italian National Center for Research and Development (CNAF)','WILLIAN',NULL,'GREAM','\0',NULL,NULL,NULL),(192,'(some address)','2017-03-21 17:51:13','/C=IT/O=IGI/CN=MILDRED WOJTAS','MILDRED.WOJTAS.192@voms.test.io','2018-03-21 17:51:13','CNAF - Italian National Center for Research and Development (CNAF)','MILDRED',NULL,'WOJTAS','\0',NULL,NULL,NULL),(193,'(some address)','2017-03-21 17:51:14','/C=IT/O=IGI/CN=ALISON HUBERTY','ALISON.HUBERTY.193@voms.test.io','2018-03-21 17:51:14','CNAF - Italian National Center for Research and Development (CNAF)','ALISON',NULL,'HUBERTY','\0',NULL,NULL,NULL),(194,'(some address)','2017-03-21 17:51:14','/C=IT/O=IGI/CN=DELFINA MCGARR','DELFINA.MCGARR.194@voms.test.io','2018-03-21 17:51:14','CNAF - Italian National Center for Research and Development (CNAF)','DELFINA',NULL,'MCGARR','\0',NULL,NULL,NULL),(195,'(some address)','2017-03-21 17:51:15','/C=IT/O=IGI/CN=CUC PIZZO','CUC.PIZZO.195@voms.test.io','2018-03-21 17:51:15','CNAF - Italian National Center for Research and Development (CNAF)','CUC',NULL,'PIZZO','\0',NULL,NULL,NULL),(196,'(some address)','2017-03-21 17:51:15','/C=IT/O=IGI/CN=DAKOTA BILLINGSLY','DAKOTA.BILLINGSLY.196@voms.test.io','2018-03-21 17:51:15','CNAF - Italian National Center for Research and Development (CNAF)','DAKOTA',NULL,'BILLINGSLY','\0',NULL,NULL,NULL),(197,'(some address)','2017-03-21 17:51:15','/C=IT/O=IGI/CN=NAM GUEVANA','NAM.GUEVANA.197@voms.test.io','2018-03-21 17:51:15','CNAF - Italian National Center for Research and Development (CNAF)','NAM',NULL,'GUEVANA','\0',NULL,NULL,NULL),(198,'(some address)','2017-03-21 17:51:16','/C=IT/O=IGI/CN=HYE HOGGAN','HYE.HOGGAN.198@voms.test.io','2018-03-21 17:51:16','CNAF - Italian National Center for Research and Development (CNAF)','HYE',NULL,'HOGGAN','\0',NULL,NULL,NULL),(199,'(some address)','2017-03-21 17:51:16','/C=IT/O=IGI/CN=ELFRIEDE BUETI','ELFRIEDE.BUETI.199@voms.test.io','2018-03-21 17:51:16','CNAF - Italian National Center for Research and Development (CNAF)','ELFRIEDE',NULL,'BUETI','\0',NULL,NULL,NULL),(200,'(some address)','2017-03-21 17:51:16','/C=IT/O=IGI/CN=HIRAM LAMPMAN','HIRAM.LAMPMAN.200@voms.test.io','2018-03-21 17:51:16','CNAF - Italian National Center for Research and Development (CNAF)','HIRAM',NULL,'LAMPMAN','\0',NULL,NULL,NULL);
/*!40000 ALTER TABLE `usr` ENABLE KEYS */;
UNLOCK TABLES;

--
-- Table structure for table `usr_attrs`
--

DROP TABLE IF EXISTS `usr_attrs`;
/*!40101 SET @saved_cs_client     = @@character_set_client */;
/*!40101 SET character_set_client = utf8 */;
CREATE TABLE `usr_attrs` (
  `a_id` bigint(20) NOT NULL,
  `u_id` bigint(20) NOT NULL,
  `a_value` varchar(255) DEFAULT NULL,
  PRIMARY KEY (`a_id`,`u_id`),
  KEY `FKA39E0E3720331206` (`u_id`),
  KEY `FKA39E0E37566C2A8F` (`a_id`),
  CONSTRAINT `FKA39E0E3720331206` FOREIGN KEY (`u_id`) REFERENCES `usr` (`userid`),
  CONSTRAINT `FKA39E0E37566C2A8F` FOREIGN KEY (`a_id`) REFERENCES `attributes` (`a_id`)
) ENGINE=InnoDB DEFAULT CHARSET=latin1;
/*!40101 SET character_set_client = @saved_cs_client */;

--
-- Dumping data for table `usr_attrs`
--

LOCK TABLES `usr_attrs` WRITE;
/*!40000 ALTER TABLE `usr_attrs` DISABLE KEYS */;
INSERT INTO `usr_attrs` VALUES (1,1,'CONRAD'),(1,2,'MICHAELA'),(1,3,'TINY'),(1,4,'HAI'),(1,5,'MCKENZIE'),(1,6,'CECILY'),(1,7,'LATESHA'),(1,8,'SHAQUANA'),(1,9,'DANNIE'),(1,10,'EUNICE'),(1,11,'LAHOMA'),(1,12,'DOREEN'),(1,13,'WAI'),(1,14,'KACY'),(1,15,'ADINA'),(1,16,'ANTHONY'),(1,17,'ERIC'),(1,18,'MARX'),(1,19,'MADALINE'),(1,20,'ABEL'),(1,21,'CALLIE'),(1,22,'ABE'),(1,23,'LOUIS'),(1,24,'SHAWNNA'),(1,25,'CHAD'),(1,26,'LAKEISHA'),(1,27,'RODNEY'),(1,28,'CARLA'),(1,29,'MARLON'),(1,30,'VERTIE'),(1,31,'DELLA'),(1,32,'CECILIA'),(1,33,'TIERA'),(1,34,'DETRA'),(1,35,'JULES'),(1,36,'DORTHA'),(1,37,'BERENICE'),(1,38,'BRITTANEY'),(1,39,'ALITA'),(1,40,'FREEMAN'),(1,41,'LEEANNA'),(1,42,'JOSH'),(1,43,'DACIA'),(1,44,'FREDERICK'),(1,45,'TRICIA'),(1,46,'ELIN'),(1,47,'FREDRICK'),(1,48,'LYNN'),(1,49,'SIMA'),(1,50,'YUKIKO'),(1,51,'LASHONDA'),(1,52,'CARMON'),(1,53,'BESS'),(1,54,'JACKSON'),(1,55,'GENNA'),(1,56,'JUDIE'),(1,57,'KATHLENE'),(1,58,'OTIS'),(1,59,'BERNARDO'),(1,60,'LIZ'),(1,61,'CHU'),(1,62,'VAL'),(1,63,'JOEY'),(1,64,'CHANCE'),(1,65,'VI'),(1,66,'CARITA'),(1,67,'COURTNEY'),(1,68,'ALDA'),(1,69,'BERTHA'),(1,70,'PAULITA'),(1,71,'NELLIE'),(1,72,'XOCHITL'),(1,73,'KEN'),(1,74,'WANITA'),(1,75,'WILHELMINA'),(1,76,'LETA'),(1,77,'BERT'),(1,78,'IRMA'),(1,79,'OTIS'),(1,80,'NOBUKO'),(1,81,'JED'),(1,82,'PAUL'),(1,83,'CHANCE'),(1,84,'TIJUANA'),(1,85,'AZZIE'),(1,86,'CARYLON'),(1,87,'WAVA'),(1,88,'VENNIE'),(1,89,'FREDDA'),(1,90,'HAYDEE'),(1,91,'ELIJAH'),(1,92,'BETHANIE'),(1,93,'LESLIE'),(1,94,'XENIA'),(1,95,'YUKO'),(1,96,'JALEESA'),(1,97,'KRYSTIN'),(1,98,'KORY'),(1,99,'WAN'),(1,100,'HANH'),(1,101,'ANGELIC'),(1,102,'AUSTIN'),(1,103,'INGA'),(1,104,'LIVIA'),(1,105,'BROOKE'),(1,106,'SUNSHINE'),(1,107,'TWYLA'),(1,108,'MILLARD'),(1,109,'MARGURITE'),(1,110,'MARIKO'),(1,111,'JINNY'),(1,112,'RETHA'),(1,113,'KIMBERY'),(1,114,'SHIRELY'),(1,115,'TODD'),(1,116,'RUPERT'),(1,117,'JIMMIE'),(1,118,'STEPANIE'),(1,119,'ULRIKE'),(1,120,'JINA'),(1,121,'VANNA'),(1,122,'TONA'),(1,123,'BRYAN'),(1,124,'ALEEN'),(1,125,'MARGUERITE'),(1,126,'ELLENA'),(1,127,'PEGGY'),(1,128,'ELNORA'),(1,129,'DREAMA'),(1,130,'HORTENCIA'),(1,131,'OTTO'),(1,132,'ZACHARY'),(1,133,'ANNMARIE'),(1,134,'SAL'),(1,135,'DAMON'),(1,136,'GRACIE'),(1,137,'MARSHALL'),(1,138,'ISIDRA'),(1,139,'CHUNG'),(1,140,'CLAUDIA'),(1,141,'JONELL'),(1,142,'KIMBERLEE'),(1,143,'JEWELL'),(1,144,'FERMINA'),(1,145,'MARTHA'),(1,146,'DEIDRE'),(1,147,'DEWITT'),(1,148,'PETRONILA'),(1,149,'TERI'),(1,150,'CLINT'),(1,151,'TRULA'),(1,152,'TORY'),(1,153,'NELLIE'),(1,154,'BRENDA'),(1,155,'WARREN'),(1,156,'JANYCE'),(1,157,'LELIA'),(1,158,'CHESTER'),(1,159,'MELLISSA'),(1,160,'ADRIAN'),(1,161,'WAN'),(1,162,'DORATHY'),(1,163,'GLYNDA'),(1,164,'MITCHELL'),(1,165,'KATHERIN'),(1,166,'ELISHA'),(1,167,'ARVILLA'),(1,168,'HANNAH'),(1,169,'RUDOLF'),(1,170,'CATHARINE'),(1,171,'CATALINA'),(1,172,'NICOLLE'),(1,173,'ROSELIA'),(1,174,'SLYVIA'),(1,175,'SOLEDAD'),(1,176,'MICHALE'),(1,177,'RAMIRO'),(1,178,'ISA'),(1,179,'CHRISTENA'),(1,180,'MARILU'),(1,181,'MYRIAM'),(1,182,'VICTOR'),(1,183,'JACKELINE'),(1,184,'KEVIN'),(1,185,'EMERITA'),(1,186,'FANNIE'),(1,187,'TERESA'),(1,188,'LASANDRA'),(1,189,'KARIE'),(1,190,'CRYSTLE'),(1,191,'WILLIAN'),(1,192,'MILDRED'),(1,193,'ALISON'),(1,194,'DELFINA'),(1,195,'CUC'),(1,196,'DAKOTA'),(1,197,'NAM'),(1,198,'HYE'),(1,199,'ELFRIEDE'),(1,200,'HIRAM');
/*!40000 ALTER TABLE `usr_attrs` ENABLE KEYS */;
UNLOCK TABLES;

--
-- Table structure for table `version`
--

DROP TABLE IF EXISTS `version`;
/*!40101 SET @saved_cs_client     = @@character_set_client */;
/*!40101 SET character_set_client = utf8 */;
CREATE TABLE `version` (
  `version` int(11) NOT NULL,
  `admin_version` varchar(255) DEFAULT NULL,
  PRIMARY KEY (`version`)
) ENGINE=InnoDB DEFAULT CHARSET=latin1;
/*!40101 SET character_set_client = @saved_cs_client */;

--
-- Dumping data for table `version`
--

LOCK TABLES `version` WRITE;
/*!40000 ALTER TABLE `version` DISABLE KEYS */;
INSERT INTO `version` VALUES (3,'3.3.3');
/*!40000 ALTER TABLE `version` ENABLE KEYS */;
UNLOCK TABLES;

--
-- Table structure for table `vo_membership_req`
--

DROP TABLE IF EXISTS `vo_membership_req`;
/*!40101 SET @saved_cs_client     = @@character_set_client */;
/*!40101 SET character_set_client = utf8 */;
CREATE TABLE `vo_membership_req` (
  `confirmId` varchar(255) NOT NULL,
  `request_id` bigint(20) NOT NULL,
  PRIMARY KEY (`request_id`),
  KEY `FK28EE8AFBD75D60A4` (`request_id`),
  CONSTRAINT `FK28EE8AFBD75D60A4` FOREIGN KEY (`request_id`) REFERENCES `req` (`request_id`)
) ENGINE=InnoDB DEFAULT CHARSET=latin1;
/*!40101 SET character_set_client = @saved_cs_client */;

--
-- Dumping data for table `vo_membership_req`
--

LOCK TABLES `vo_membership_req` WRITE;
/*!40000 ALTER TABLE `vo_membership_req` DISABLE KEYS */;
/*!40000 ALTER TABLE `vo_membership_req` ENABLE KEYS */;
UNLOCK TABLES;
/*!40103 SET TIME_ZONE=@OLD_TIME_ZONE */;

/*!40101 SET SQL_MODE=@OLD_SQL_MODE */;
/*!40014 SET FOREIGN_KEY_CHECKS=@OLD_FOREIGN_KEY_CHECKS */;
/*!40014 SET UNIQUE_CHECKS=@OLD_UNIQUE_CHECKS */;
/*!40101 SET CHARACTER_SET_CLIENT=@OLD_CHARACTER_SET_CLIENT */;
/*!40101 SET CHARACTER_SET_RESULTS=@OLD_CHARACTER_SET_RESULTS */;
/*!40101 SET COLLATION_CONNECTION=@OLD_COLLATION_CONNECTION */;
/*!40111 SET SQL_NOTES=@OLD_SQL_NOTES */;

-- Dump completed on 2017-03-21 17:54:26
